seed,nodes,replicate,failure_mode,scenario,target,spectral,abs_error
11,50,0,independent,0,1.0,0.10673209887603326,0.8932679011239667
11,50,0,independent,1,0.030927674295241903,0.009982572780442279,0.020945101514799624
11,50,0,independent,2,0.11318605491843614,0.038147438687058575,0.07503861623137756
11,50,0,independent,3,0.39524846850314965,0.10740432008038295,0.28784414842276673
11,50,0,independent,4,0.02237767368158816,0.00762697790711049,0.01475069577447767
11,50,0,independent,5,0.12265013630196286,0.031490382161242864,0.09115975414072
11,50,0,spatial_cluster,0,1.0,0.01089328542789049,0.9891067145721095
11,50,0,spatial_cluster,1,0.09102981028066814,0.01801760258908206,0.07301220769158609
11,50,0,spatial_cluster,2,0.010762510914775758,0.003758190179364075,0.007004320735411683
11,50,0,spatial_cluster,3,0.00026509360447024566,0.0001049190885788014,0.00016017451589144427
11,50,0,spatial_cluster,4,1.0,0.008137755004561775,0.9918622449954382
11,50,0,spatial_cluster,5,1.0,0.0845709342537139,0.9154290657462861
11,50,0,targeted,0,0.0051189093542800546,0.0025628918469540684,0.002556017507325986
11,50,0,targeted,1,0.006217715446040661,0.0025884151680529723,0.003629300277987689
11,50,0,targeted,2,0.1678597594087945,0.06816354650113943,0.09969621290765507
11,50,0,targeted,3,0.2555570061850908,0.1288362338672374,0.12672077231785342
11,50,0,targeted,4,0.0020133399510601224,0.0008810043365108288,0.0011323356145492938
11,50,0,targeted,5,0.22059840369624129,0.10740465064449144,0.11319375305174985
11,50,1,independent,0,0.06969974979962879,0.03600435317704557,0.03369539662258322
11,50,1,independent,1,0.2156492648520475,0.0956083356797343,0.1200409291723132
11,50,1,independent,2,0.0210964837480635,0.004636075002472641,0.01646040874559086
11,50,1,independent,3,0.2597155532234906,0.08214384179673777,0.17757171142675282
11,50,1,independent,4,0.2990816995663992,0.1288430204773075,0.17023867908909168
11,50,1,independent,5,0.07344770523948241,0.03940972519979715,0.03403798003968526
11,50,1,spatial_cluster,0,1.0,0.005793647590999135,0.9942063524090009
11,50,1,spatial_cluster,1,1.0,0.0839914567035519,0.9160085432964481
11,50,1,spatial_cluster,2,0.03755491981372305,0.00944607148581535,0.028108848327907703
11,50,1,spatial_cluster,3,1.0,0.10609046288715963,0.8939095371128404
11,50,1,spatial_cluster,4,0.16415751258795663,0.034211841438530254,0.12994567114942637
11,50,1,spatial_cluster,5,0.1597104311450649,0.045386545513977763,0.11432388563108713
11,50,1,targeted,0,0.11509091992540998,0.06732070494858432,0.04777021497682567
11,50,1,targeted,1,0.1918889611699246,0.07938537654588451,0.11250358462404009
11,50,1,targeted,2,0.22446298005760934,0.08717450187008625,0.1372884781875231
11,50,1,targeted,3,0.04604909799168855,0.02165036295730396,0.024398735034384587
11,50,1,targeted,4,0.19455258779005447,0.06755517610014826,0.1269974116899062
11,50,1,targeted,5,0.1567104759953637,0.03112556275263942,0.12558491324272428
11,100,0,independent,0,0.11945431728783873,0.03212262056720065,0.08733169672063808
11,100,0,independent,1,0.025258201006770786,0.00925243638021401,0.016005764626556777
11,100,0,independent,2,0.059595454183315466,0.03402060690384715,0.025574847279468314
11,100,0,independent,3,0.05454500253879502,0.01649914803098839,0.03804585450780663
11,100,0,independent,4,0.07199368147806029,0.02246048615560366,0.04953319532245663
11,100,0,independent,5,0.008047806307057925,0.003805390702200547,0.004242415604857379
11,100,0,spatial_cluster,0,0.044715753565962135,0.020587337503411053,0.024128416062551082
11,100,0,spatial_cluster,1,0.08714598465297252,0.023835781486969024,0.0633102031660035
11,100,0,spatial_cluster,2,0.04722707057545783,0.013785671914740987,0.03344139866071684
11,100,0,spatial_cluster,3,1.0,0.01725264949662596,0.982747350503374
11,100,0,spatial_cluster,4,1.0,0.002811624633950613,0.9971883753660494
11,100,0,spatial_cluster,5,0.14102450577432457,0.058333393049645584,0.082691112724679
11,100,0,targeted,0,0.13288845791245885,0.04081824567836082,0.09207021223409803
11,100,0,targeted,1,0.16961397383323695,0.048201308169261776,0.12141266566397518
11,100,0,targeted,2,0.04838430878556588,0.023334032866998335,0.025050275918567542
11,100,0,targeted,3,0.07229036346802376,0.03568714805803706,0.03660321540998669
11,100,0,targeted,4,0.08143576088797733,0.035553338562411906,0.04588242232556542
11,100,0,targeted,5,0.22196330973306466,0.07330302348950667,0.14866028624355798
11,100,1,independent,0,0.02903249813690334,0.014770275315740293,0.014262222821163047
11,100,1,independent,1,0.023726343938019645,0.00972118030162869,0.014005163636390955
11,100,1,independent,2,0.06284027994081465,0.029399823362365567,0.03344045657844908
11,100,1,independent,3,0.12041642322838952,0.04419788363919738,0.07621853958919214
11,100,1,independent,4,0.06916789753309194,0.03169654359629159,0.037471353936800345
11,100,1,independent,5,0.09706278146858316,0.03253939868856396,0.0645233827800192
11,100,1,spatial_cluster,0,0.22930236225154033,0.015639716280819844,0.2136626459707205
11,100,1,spatial_cluster,1,0.04909333276604577,0.012657127115905588,0.036436205650140184
11,100,1,spatial_cluster,2,0.02724571735287007,0.01846074828008551,0.00878496907278456
11,100,1,spatial_cluster,3,0.07629588015384092,0.016137677047015114,0.060158203106825806
11,100,1,spatial_cluster,4,0.03132751730516958,0.009622038704374457,0.021705478600795126
11,100,1,spatial_cluster,5,0.008375030035447373,0.004957517113225084,0.003417512922222289
11,100,1,targeted,0,0.10763672574099514,0.05165403705750279,0.055982688683492356
11,100,1,targeted,1,0.026096304949395743,0.009891112812041514,0.01620519213735423
11,100,1,targeted,2,0.048637846145174746,0.025462092973231036,0.02317575317194371
11,100,1,targeted,3,0.059090965566691356,0.03335084463100977,0.025740120935681586
11,100,1,targeted,4,0.006637952608074871,0.0028040958452192092,0.0038338567628556615
11,100,1,targeted,5,0.03520983227937724,0.00990348163174768,0.02530635064762956
11,200,0,independent,0,0.03259679189638609,0.01507281672113872,0.01752397517524737
11,200,0,independent,1,0.01767352605456929,0.00830767483917747,0.009365851215391819
11,200,0,independent,2,0.016909852199887054,0.008241083232342223,0.008668768967544831
11,200,0,independent,3,0.008523055244570088,0.004557659165881778,0.00396539607868831
11,200,0,independent,4,0.04906021293909357,0.023415963447472307,0.025644249491621265
11,200,0,independent,5,0.013541411629884648,0.007093469918830947,0.006447941711053701
11,200,0,spatial_cluster,0,0.016626524507753815,0.002179129940092078,0.014447394567661736
11,200,0,spatial_cluster,1,1.0,0.013253249142931016,0.986746750857069
11,200,0,spatial_cluster,2,1.0,0.001193293435173775,0.9988067065648262
11,200,0,spatial_cluster,3,4.939228830469489e-05,2.245971136388352e-05,2.6932576940811368e-05
11,200,0,spatial_cluster,4,0.01056898468702272,0.002925701722267244,0.007643282964755476
11,200,0,spatial_cluster,5,0.03329044499123135,0.008016881990599835,0.025273563000631515
11,200,0,targeted,0,0.04604680658596816,0.02408361259152193,0.02196319399444623
11,200,0,targeted,1,0.05514956297735807,0.023723881879459688,0.03142568109789838
11,200,0,targeted,2,0.03401073529517451,0.016947632724905213,0.017063102570269297
11,200,0,targeted,3,0.03366170888004816,0.017226594013506343,0.016435114866541815
11,200,0,targeted,4,0.042141590429004006,0.021755827475222343,0.020385762953781663
11,200,0,targeted,5,0.04781317758484782,0.023936492179305397,0.023876685405542424
11,200,1,independent,0,0.015605028157768652,0.006778115094171347,0.008826913063597305
11,200,1,independent,1,0.013844590991310857,0.007350064587426273,0.006494526403884583
11,200,1,independent,2,0.02914301941409092,0.015280886576605021,0.0138621328374859
11,200,1,independent,3,0.03396514206871637,0.017532224014824214,0.016432918053892156
11,200,1,independent,4,0.007221609199699497,0.004130776024317477,0.00309083317538202
11,200,1,independent,5,0.05046600955531455,0.025271458573743823,0.025194550981570727
11,200,1,spatial_cluster,0,0.09987468663378052,0.024628824227108954,0.07524586240667157
11,200,1,spatial_cluster,1,0.07570089131774138,0.01690072512187581,0.058800166195865575
11,200,1,spatial_cluster,2,1.0,0.028344801108933337,0.9716551988910667
11,200,1,spatial_cluster,3,1.0,0.013161809360538086,0.9868381906394619
11,200,1,spatial_cluster,4,0.0015533817906565606,0.0008270414861724523,0.0007263403044841083
11,200,1,spatial_cluster,5,0.06072022602398097,0.028205640589347762,0.03251458543463321
11,200,1,targeted,0,0.05278239956009401,0.02294536695545156,0.029837032604642447
11,200,1,targeted,1,0.0018029676337135703,0.0012057965525881893,0.000597171081125381
11,200,1,targeted,2,0.04441505930677758,0.02278024767632073,0.021634811630456854
11,200,1,targeted,3,0.0234413331009653,0.012512155093995945,0.010929178006969355
11,200,1,targeted,4,0.009601810289847967,0.005239852909751573,0.004361957380096394
11,200,1,targeted,5,0.032960855856437266,0.01666866887685,0.016292186979587266
11,400,0,independent,0,0.02541706044799552,0.012396923961634975,0.013020136486360545
11,400,0,independent,1,0.011831978443445634,0.004700981443675833,0.007130996999769801
11,400,0,independent,2,0.011514245364831144,0.00588017275065676,0.005634072614174384
11,400,0,independent,3,0.020159143472592733,0.01003707420114271,0.010122069271450023
11,400,0,independent,4,0.0002413900505977562,0.00011888651858780051,0.0001225035320099557
11,400,0,independent,5,0.007980244700425021,0.0037270233840745255,0.004253221316350496
11,400,0,spatial_cluster,0,1.0,0.006720423117202674,0.9932795768827973
11,400,0,spatial_cluster,1,0.02842701448015439,0.010680068519540637,0.017746945960613752
11,400,0,spatial_cluster,2,0.021265707024546665,0.00337948500981083,0.017886222014735834
11,400,0,spatial_cluster,3,0.027875128472691912,0.011125224566556676,0.016749903906135236
11,400,0,spatial_cluster,4,1.0,0.005061458639928269,0.9949385413600718
11,400,0,spatial_cluster,5,0.005833867737382592,0.0028725159483082973,0.0029613517890742947
11,400,0,targeted,0,0.005427560248163821,0.00255020123218572,0.0028773590159781007
11,400,0,targeted,1,0.009351687325771518,0.004162548030155592,0.0051891392956159264
11,400,0,targeted,2,0.0017976152632012132,0.000909573599822489,0.0008880416633787242
11,400,0,targeted,3,0.008497788990657562,0.004347116142190243,0.004150672848467319
11,400,0,targeted,4,0.016778362173322847,0.008398647985831629,0.008379714187491219
11,400,0,targeted,5,0.020011924990957275,0.01045320349599773,0.009558721494959545
11,400,1,independent,0,0.005883067822832544,0.0030398240074195797,0.0028432438154129642
11,400,1,independent,1,0.0005571677338948033,0.0002673967611432049,0.00028977097275159847
11,400,1,independent,2,0.011288642494511003,0.005149566449110318,0.006139076045400685
11,400,1,independent,3,0.018949182830200972,0.008872310963920448,0.010076871866280524
11,400,1,independent,4,0.00015584389331191328,7.011955887652726e-05,8.572433443538602e-05
11,400,1,independent,5,0.013574423379369538,0.006591703482891268,0.00698271989647827
11,400,1,spatial_cluster,0,0.0016175248538589093,0.0007966453470982718,0.0008208795067606375
11,400,1,spatial_cluster,1,1.0,0.006093056201115993,0.993906943798884
11,400,1,spatial_cluster,2,0.015886809867420193,0.007409173621201504,0.008477636246218688
11,400,1,spatial_cluster,3,0.0005158687430067976,0.0003676349693221082,0.00014823377368468945
11,400,1,spatial_cluster,4,0.006018810172450095,0.003770126422247565,0.0022486837502025303
11,400,1,spatial_cluster,5,0.013437188662950517,0.005616009124596175,0.007821179538354341
11,400,1,targeted,0,0.019332939003573357,0.009811036771987471,0.009521902231585886
11,400,1,targeted,1,0.026174104704731693,0.013620324809262476,0.012553779895469217
11,400,1,targeted,2,0.01826301713617906,0.00903814014447292,0.00922487699170614
11,400,1,targeted,3,0.005738800168960223,0.0027428826723331586,0.0029959174966270644
11,400,1,targeted,4,0.015933454033229433,0.007963333962217746,0.007970120071011687
11,400,1,targeted,5,0.005843983891757665,0.0028438306381656816,0.003000153253591983
11,800,0,independent,0,0.0025842308821533155,0.0012132557285869903,0.0013709751535663252
11,800,0,independent,1,0.0004967009947541845,0.00024362138205938022,0.0002530796126948043
11,800,0,independent,2,0.0075605323245988565,0.0037603035410686617,0.003800228783530195
11,800,0,independent,3,0.005450745639853816,0.0028166397660314567,0.002634105873822359
11,800,0,independent,4,0.00040571840207326293,0.0001996088900212474,0.00020610951205201554
11,800,0,independent,5,0.004442759458891388,0.0021971421999720155,0.002245617258919372
11,800,0,spatial_cluster,0,0.01245207595021669,0.004279317269665073,0.008172758680551617
11,800,0,spatial_cluster,1,0.003883327341101972,0.0020857830241405506,0.0017975443169614214
11,800,0,spatial_cluster,2,1.0,0.0003485189598912283,0.9996514810401088
11,800,0,spatial_cluster,3,1.0,0.002135045116093085,0.9978649548839069
11,800,0,spatial_cluster,4,0.009942703365224181,0.004739471483952729,0.0052032318812714525
11,800,0,spatial_cluster,5,0.0018652420695762784,0.0009232588172866374,0.000941983252289641
11,800,0,targeted,0,0.00847421153513106,0.004601791482812342,0.0038724200523187176
11,800,0,targeted,1,0.0035252467607020943,0.0017538340124956325,0.0017714127482064618
11,800,0,targeted,2,0.010938022207862441,0.005269807570593485,0.005668214637268956
11,800,0,targeted,3,0.005658723389076359,0.0028911826502693947,0.002767540738806964
11,800,0,targeted,4,0.004649883002233124,0.0023138675081618596,0.0023360154940712642
11,800,0,targeted,5,0.0036708448871217714,0.001846715571260618,0.0018241293158611533
11,800,1,independent,0,0.0023345713037604687,0.0010969929770885505,0.0012375783266719183
11,800,1,independent,1,0.0110825265283927,0.005414727513681745,0.005667799014710955
11,800,1,independent,2,0.004826162156870706,0.0022751667350258166,0.0025509954218448892
11,800,1,independent,3,0.006269352136961781,0.003128897870039192,0.003140454266922589
11,800,1,independent,4,0.01250785114342845,0.006456432899661325,0.006051418243767125
11,800,1,independent,5,0.0074955550453318365,0.00374055379445047,0.0037550012508813665
11,800,1,spatial_cluster,0,0.006082489944792768,0.002545762331487837,0.003536727613304931
11,800,1,spatial_cluster,1,1.0,0.001855644958798269,0.9981443550412017
11,800,1,spatial_cluster,2,1.0,0.0038590418349728046,0.9961409581650272
11,800,1,spatial_cluster,3,0.0014781081562347254,0.0006484341070193265,0.0008296740492153989
11,800,1,spatial_cluster,4,1.0,0.006477329502424305,0.9935226704975757
11,800,1,spatial_cluster,5,0.003453983680671846,0.002004648773400835,0.001449334907271011
11,800,1,targeted,0,0.00834004769264185,0.004167425761581603,0.004172621931060247
11,800,1,targeted,1,0.008888181979053611,0.004514649803338039,0.004373532175715572
11,800,1,targeted,2,0.011551153144532478,0.0060941181526014895,0.005457034991930988
11,800,1,targeted,3,0.0005627864048004527,0.0002840923592312886,0.0002786940455691641
11,800,1,targeted,4,0.0018761892892548149,0.0008980608738081552,0.0009781284154466597
11,800,1,targeted,5,0.0101947776903768,0.005144398928741119,0.00505037876163568
11,1200,0,independent,0,0.004023781040485841,0.0017778030812644022,0.002245977959221439
11,1200,0,independent,1,5.248908152211129e-05,3.598217892261338e-05,1.650690259949791e-05
11,1200,0,independent,2,0.0021322651092178235,0.0011016567428506097,0.0010306083663672138
11,1200,0,independent,3,0.0014752851859410887,0.0007328186648459958,0.0007424665210950929
11,1200,0,independent,4,0.0018617489002753507,0.0007327342290932388,0.0011290146711821119
11,1200,0,independent,5,0.004034693537353196,0.0020062626044842218,0.002028430932868974
11,1200,0,spatial_cluster,0,0.006479644093234538,0.002506934282572133,0.003972709810662405
11,1200,0,spatial_cluster,1,0.0011726582026861943,0.00026187627768817375,0.0009107819249980205
11,1200,0,spatial_cluster,2,0.0006110894521149657,0.0002157187668449384,0.0003953706852700273
11,1200,0,spatial_cluster,3,0.00010954783709604676,5.532315085128633e-05,5.4224686244760434e-05
11,1200,0,spatial_cluster,4,0.001211893125822372,0.0005707585661655229,0.0006411345596568491
11,1200,0,spatial_cluster,5,0.0009754333089033729,0.0006391285595681236,0.0003363047493352493
11,1200,0,targeted,0,0.004330000817016066,0.0022573516609471255,0.002072649156068941
11,1200,0,targeted,1,0.005243318648638584,0.002803762753575466,0.002439555895063118
11,1200,0,targeted,2,0.001724407174926279,0.0008455240375123893,0.0008788831374138897
11,1200,0,targeted,3,0.00042911381620980293,0.0002132277025038953,0.00021588611370590763
11,1200,0,targeted,4,0.007753139827681665,0.004031671067451287,0.003721468760230378
11,1200,0,targeted,5,0.00012123537994801481,5.9173001473769346e-05,6.206237847424546e-05
11,1200,1,independent,0,0.006238450048362099,0.0031072465553269144,0.0031312034930351842
11,1200,1,independent,1,0.003749476007368302,0.001858117246318415,0.001891358761049887
11,1200,1,independent,2,0.00204739694191014,0.0010331125908952198,0.0010142843510149203
11,1200,1,independent,3,0.0036382108672343705,0.0017727120504300075,0.001865498816804363
11,1200,1,independent,4,0.005748239200095817,0.002965018348016239,0.002783220852079578
11,1200,1,independent,5,0.002640099352725689,0.0013533132069515176,0.0012867861457741712
11,1200,1,spatial_cluster,0,0.002962877253187335,0.0015288557768259237,0.0014340214763614112
11,1200,1,spatial_cluster,1,0.0019836776615422824,0.0005340450492031139,0.0014496326123391685
11,1200,1,spatial_cluster,2,1.0,0.0028358698803324397,0.9971641301196675
11,1200,1,spatial_cluster,3,0.00017733477140968734,8.867205409731274e-05,8.86627173123746e-05
11,1200,1,spatial_cluster,4,1.0,0.0017671784258924863,0.9982328215741075
11,1200,1,spatial_cluster,5,0.00034052381340821114,0.00027491659280371936,6.560722060449178e-05
11,1200,1,targeted,0,0.0019217258221830846,0.0009841444028719757,0.0009375814193111089
11,1200,1,targeted,1,0.0027858848442757767,0.001418565230825431,0.0013673196134503457
11,1200,1,targeted,2,0.002414626250488827,0.0012602609664601316,0.0011543652840286956
11,1200,1,targeted,3,0.008222122679269583,0.004029136958317698,0.004192985720951886
11,1200,1,targeted,4,0.0008705136851498985,0.0004323187606703382,0.0004381949244795603
11,1200,1,targeted,5,0.001109695885981532,0.0005674937620419777,0.0005422021239395543
22,50,0,independent,0,0.1421896733518686,0.05513650907290236,0.08705316427896626
22,50,0,independent,1,0.19314612687268407,0.07665011688932834,0.11649600998335573
22,50,0,independent,2,0.2135654758084442,0.08442787287243382,0.1291376029360104
22,50,0,independent,3,0.019313405398710404,0.008296082096842588,0.011017323301867816
22,50,0,independent,4,0.11910854298762286,0.0610404097662361,0.05806813322138676
22,50,0,independent,5,0.1675670066416769,0.07403629153327258,0.09353071510840431
22,50,0,spatial_cluster,0,0.10767431014214257,0.03479218150010924,0.07288212864203333
22,50,0,spatial_cluster,1,1.0,0.0710772463479769,0.9289227536520231
22,50,0,spatial_cluster,2,0.06492789228485463,0.02107361881341301,0.04385427347144162
22,50,0,spatial_cluster,3,0.23633656728903407,0.11376735561089506,0.12256921167813901
22,50,0,spatial_cluster,4,1.0,0.04641434486986775,0.9535856551301323
22,50,0,spatial_cluster,5,1.0,0.1105081434190852,0.8894918565809148
22,50,0,targeted,0,0.23145158496883678,0.12532607161061066,0.10612551335822612
22,50,0,targeted,1,0.14091794250319856,0.07888368607550755,0.062034256427691004
22,50,0,targeted,2,0.4664496821462484,0.08371706083372904,0.38273262131251934
22,50,0,targeted,3,0.5017420451857793,0.12784911591059106,0.3738929292751882
22,50,0,targeted,4,0.1382119715004977,0.06732153854829534,0.07089043295220235
22,50,0,targeted,5,0.060959553490886886,0.025263138942087204,0.03569641454879968
22,50,1,independent,0,0.20479623620097331,0.07465499077232068,0.13014124542865263
22,50,1,independent,1,0.026035033464440582,0.007359223991127075,0.018675809473313508
22,50,1,independent,2,0.2677776657109916,0.05495428933376894,0.21282337637722265
22,50,1,independent,3,0.1467822614565072,0.05990500855374205,0.08687725290276514
22,50,1,independent,4,0.017790048961006222,0.007540014494781807,0.010250034466224415
22,50,1,independent,5,0.18582797074490442,0.04824544461108844,0.137582526133816
22,50,1,spatial_cluster,0,0.11477327333729515,0.0364006760953099,0.07837259724198525
22,50,1,spatial_cluster,1,1.0,0.053958018054803936,0.9460419819451961
22,50,1,spatial_cluster,2,0.5238666455079996,0.0488844974272654,0.47498214808073413
22,50,1,spatial_cluster,3,1.0,0.14411460887527025,0.8558853911247297
22,50,1,spatial_cluster,4,0.047765251251079555,0.017330167181269996,0.03043508406980956
22,50,1,spatial_cluster,5,0.2074041831104525,0.08397668623239499,0.12342749687805751
22,50,1,targeted,0,0.12908940648666478,0.04599071784321135,0.08309868864345343
22,50,1,targeted,1,0.11555866317991714,0.041745060665297845,0.0738136025146193
22,50,1,targeted,2,0.005303423027381071,0.0018805943684911438,0.003422828658889927
22,50,1,targeted,3,0.3360312561530834,0.14128642758385698,0.1947448285692264
22,50,1,targeted,4,0.08259146346417545,0.0442088664733736,0.038382596990801855
22,50,1,targeted,5,0.016109973137868105,0.005896003053118623,0.010213970084749483
22,100,0,independent,0,0.00240790680604952,0.001022049534857712,0.001385857271191808
22,100,0,independent,1,0.0369851840242279,0.012773209344490395,0.024211974679737507
22,100,0,independent,2,0.028816130082758074,0.012529395106226299,0.016286734976531776
22,100,0,independent,3,0.07523244760005365,0.032577993816949126,0.04265445378310453
22,100,0,independent,4,0.0737221993886985,0.028330578851287584,0.04539162053741092
22,100,0,independent,5,0.08828260823307466,0.03971217370107636,0.048570434531998295
22,100,0,spatial_cluster,0,0.00838405008173726,0.004339016414931635,0.004045033666805625
22,100,0,spatial_cluster,1,0.0724231573774039,0.008681969115726992,0.0637411882616769
22,100,0,spatial_cluster,2,1.0,0.040165963866533844,0.9598340361334662
22,100,0,spatial_cluster,3,0.01451941382465316,0.0031282407566387295,0.01139117306801443
22,100,0,spatial_cluster,4,0.13661886463364636,0.053796760657762926,0.08282210397588344
22,100,0,spatial_cluster,5,1.0,0.06512211928462507,0.9348778807153749
22,100,0,targeted,0,0.07025590735482057,0.037364368757217166,0.0328915385976034
22,100,0,targeted,1,0.07477153925423985,0.028694903408335984,0.046076635845903866
22,100,0,targeted,2,0.09202031771463559,0.03169373191191335,0.06032658580272224
22,100,0,targeted,3,0.059284867789864304,0.025352072892931263,0.033932794896933044
22,100,0,targeted,4,0.06393037249817235,0.030172982134890572,0.03375739036328178
22,100,0,targeted,5,0.0561534506520015,0.018509026962674622,0.037644423689326884
22,100,1,independent,0,0.16395407040914722,0.061507500440907886,0.10244656996823934
22,100,1,independent,1,0.05676958782899977,0.017619262325053748,0.039150325503946024
22,100,1,independent,2,0.1305127773546053,0.04758360925134475,0.08292916810326056
22,100,1,independent,3,0.0018943234344287463,0.0007960120575973218,0.0010983113768314244
22,100,1,independent,4,0.04887556766473056,0.02091109448923328,0.027964473175497277
22,100,1,independent,5,0.015933277551219205,0.006700492794271151,0.009232784756948054
22,100,1,spatial_cluster,0,1.0,0.013299760284144693,0.9867002397158553
22,100,1,spatial_cluster,1,0.14024067773197946,0.05052826946677632,0.08971240826520313
22,100,1,spatial_cluster,2,0.017639671742055163,0.01180879037066583,0.005830881371389334
22,100,1,spatial_cluster,3,0.07715272644415339,0.017994511132957056,0.05915821531119633
22,100,1,spatial_cluster,4,0.019892184666293056,0.013416179620159174,0.006476005046133881
22,100,1,spatial_cluster,5,1.0,0.022103360668083508,0.9778966393319165
22,100,1,targeted,0,0.15868116770430307,0.04625332663932884,0.11242784106497423
22,100,1,targeted,1,0.09649122514259889,0.047977177687180204,0.048514047455418687
22,100,1,targeted,2,0.08351445485120257,0.03967525259613959,0.04383920225506298
22,100,1,targeted,3,0.04664436024842111,0.023391363251180713,0.0232529969972404
22,100,1,targeted,4,0.04092609821918258,0.020330717660397467,0.020595380558785115
22,100,1,targeted,5,0.10198934132051118,0.04290742341536863,0.059081917905142556
22,200,0,independent,0,0.004459402625223929,0.0023926312801978247,0.0020667713450261047
22,200,0,independent,1,0.0022798322183138486,0.0012893155645890034,0.0009905166537248452
22,200,0,independent,2,0.00197868704163906,0.0010524116140530975,0.0009262754275859626
22,200,0,independent,3,0.01584101108979241,0.007819090970146408,0.008021920119646003
22,200,0,independent,4,0.01771648153863903,0.008791177252663585,0.008925304285975443
22,200,0,independent,5,0.03431248601656911,0.016465300930927653,0.017847185085641457
22,200,0,spatial_cluster,0,0.05584905241617799,0.02545766240903669,0.030391390007141302
22,200,0,spatial_cluster,1,0.1334331923758355,0.0329938368787766,0.1004393554970589
22,200,0,spatial_cluster,2,0.029836256240276193,0.010990550895944404,0.01884570534433179
22,200,0,spatial_cluster,3,0.01968516206293014,0.008323905070303804,0.011361256992626335
22,200,0,spatial_cluster,4,0.00359919372502715,0.0018082258125942249,0.001790967912432925
22,200,0,spatial_cluster,5,1.0,0.02717655954077578,0.9728234404592242
22,200,0,targeted,0,0.002856473191564457,0.0013708803941089656,0.0014855927974554914
22,200,0,targeted,1,0.018415046122861156,0.008929810306151722,0.009485235816709434
22,200,0,targeted,2,0.013499643874076761,0.007212731073581706,0.006286912800495055
22,200,0,targeted,3,0.000788511988134899,0.0003839883299011764,0.0004045236582337226
22,200,0,targeted,4,0.04816866782990947,0.021950586068397834,0.02621808176151164
22,200,0,targeted,5,0.01229145623293304,0.0063330050079295494,0.005958451225003491
22,200,1,independent,0,0.04269753101585971,0.018887366084372515,0.023810164931487198
22,200,1,independent,1,0.006572818457184826,0.003987839221851203,0.0025849792353336227
22,200,1,independent,2,0.018688628094617576,0.007847594283881307,0.01084103381073627
22,200,1,independent,3,0.06253843512999036,0.026731138536181174,0.035807296593809185
22,200,1,independent,4,0.057324648327302774,0.017361315250303797,0.03996333307699898
22,200,1,independent,5,0.003098673040032862,0.0012210444438323863,0.0018776285962004758
22,200,1,spatial_cluster,0,0.03856905425338375,0.014027039514101811,0.02454201473928194
22,200,1,spatial_cluster,1,1.0,0.02185561022706976,0.9781443897729303
22,200,1,spatial_cluster,2,0.003220085530886818,0.001536398934034929,0.001683686596851889
22,200,1,spatial_cluster,3,0.07138208811126057,0.019287126674854608,0.05209496143640596
22,200,1,spatial_cluster,4,1.0,0.0019518488030741085,0.9980481511969259
22,200,1,spatial_cluster,5,1.0,0.013706003523137025,0.986293996476863
22,200,1,targeted,0,0.06560220945722894,0.031137619623432946,0.034464589833795994
22,200,1,targeted,1,0.017130304527317897,0.008494688931794933,0.008635615595522964
22,200,1,targeted,2,0.022726365377364388,0.011484975003335477,0.01124139037402891
22,200,1,targeted,3,0.02455278453330223,0.012334067642773833,0.012218716890528397
22,200,1,targeted,4,0.019611704440498978,0.009983147654412286,0.009628556786086692
22,200,1,targeted,5,0.001955592428919184,0.001553409450330964,0.00040218297858821985
22,400,0,independent,0,0.008681804246504998,0.004451345828394806,0.004230458418110193
22,400,0,independent,1,0.006833665131476652,0.003152653866672385,0.0036810112648042667
22,400,0,independent,2,0.026650077966254293,0.01337312430048569,0.013276953665768603
22,400,0,independent,3,0.01190232969479188,0.005918455098839822,0.005983874595952058
22,400,0,independent,4,0.017218019198106616,0.006855757853867895,0.01036226134423872
22,400,0,independent,5,0.0006568566333279291,0.00035485299663241376,0.00030200363669551534
22,400,0,spatial_cluster,0,0.028805241693541372,0.011697871386388418,0.017107370307152953
22,400,0,spatial_cluster,1,0.000687474325562043,0.00036847023583637265,0.00031900408972567037
22,400,0,spatial_cluster,2,1.0,0.00028501707964547965,0.9997149829203545
22,400,0,spatial_cluster,3,1.0,0.017852062600987498,0.9821479373990125
22,400,0,spatial_cluster,4,0.01445768479824494,0.004747461084706605,0.009710223713538337
22,400,0,spatial_cluster,5,0.0011747681638433205,0.0008119704945556031,0.00036279766928771736
22,400,0,targeted,0,0.0031064123258179865,0.0014797289324551613,0.0016266833933628252
22,400,0,targeted,1,0.01748226702777056,0.008218448568836967,0.009263818458933593
22,400,0,targeted,2,0.034659803814949375,0.01427956645027735,0.020380237364672024
22,400,0,targeted,3,0.031055997581569628,0.012548092246867574,0.018507905334702056
22,400,0,targeted,4,0.01680190257843306,0.009496628035988023,0.0073052745424450356
22,400,0,targeted,5,0.003895748577127156,0.0021416496465753786,0.0017540989305517775
22,400,1,independent,0,0.005347259670297588,0.002506341910594166,0.0028409177597034222
22,400,1,independent,1,0.0019498893114771043,0.0009362985298583653,0.001013590781618739
22,400,1,independent,2,0.016719245867018784,0.008225257455070457,0.008493988411948327
22,400,1,independent,3,0.015387914073473175,0.007505501634145753,0.007882412439327422
22,400,1,independent,4,0.0004131468004612282,0.00020519579689368098,0.00020795100356754722
22,400,1,independent,5,0.015911604277870528,0.007764476512492273,0.008147127765378254
22,400,1,spatial_cluster,0,1.0,0.009739976303011936,0.9902600236969881
22,400,1,spatial_cluster,1,0.00647784683321484,0.004407385596626415,0.002070461236588425
22,400,1,spatial_cluster,2,0.042847770074862734,0.004744129459779064,0.03810364061508367
22,400,1,spatial_cluster,3,1.0,0.003819215810623415,0.9961807841893766
22,400,1,spatial_cluster,4,1.0,0.0037237820817403954,0.9962762179182596
22,400,1,spatial_cluster,5,0.014723757177788288,0.0024207832168294846,0.012302973960958804
22,400,1,targeted,0,0.017330252317111716,0.008258118254549697,0.009072134062562019
22,400,1,targeted,1,0.015098338526003174,0.006651963439836394,0.008446375086166781
22,400,1,targeted,2,0.019530358922363433,0.010349688444023413,0.00918067047834002
22,400,1,targeted,3,0.019299404469509063,0.009545236141494422,0.00975416832801464
22,400,1,targeted,4,0.013523890880953737,0.0065221186715089235,0.007001772209444814
22,400,1,targeted,5,0.020288885265637324,0.010082958727454511,0.010205926538182813
22,800,0,independent,0,0.007442044634820011,0.0037401985808322063,0.0037018460539878046
22,800,0,independent,1,0.005447235332704192,0.0023826640405689523,0.00306457129213524
22,800,0,independent,2,0.009728061115545139,0.004857980891012443,0.004870080224532696
22,800,0,independent,3,0.005405404761278043,0.0029424409872037074,0.0024629637740743358
22,800,0,independent,4,0.009223549164349976,0.004748842339230439,0.004474706825119536
22,800,0,independent,5,0.0022819990913619526,0.0010949184224653943,0.0011870806688965582
22,800,0,spatial_cluster,0,1.0,0.0017697158401440245,0.9982302841598559
22,800,0,spatial_cluster,1,0.007080434184034146,0.0031341198550481203,0.003946314328986025
22,800,0,spatial_cluster,2,0.004216081692048901,0.0011063935147087357,0.0031096881773401653
22,800,0,spatial_cluster,3,0.0009035872820092328,0.00048555753916869663,0.00041802974284053615
22,800,0,spatial_cluster,4,1.0,0.009202163478267302,0.9907978365217327
22,800,0,spatial_cluster,5,0.018228933613282483,0.008431057893324588,0.009797875719957895
22,800,0,targeted,0,0.0008906481550327028,0.00045494639553985425,0.00043570175949284853
22,800,0,targeted,1,0.00602206369383651,0.002995188996114455,0.003026874697722055
22,800,0,targeted,2,0.002681292070784269,0.0014492020216416205,0.0012320900491426486
22,800,0,targeted,3,0.004502434211418049,0.0022198016023185184,0.002282632609099531
22,800,0,targeted,4,0.002690319644824024,0.0013076300447059925,0.0013826896001180315
22,800,0,targeted,5,0.009313207337248719,0.004804253146359355,0.004508954190889364
22,800,1,independent,0,0.005992931756807263,0.0033140641651345465,0.002678867591672716
22,800,1,independent,1,0.007455182793089876,0.0037101574280333743,0.003745025365056502
22,800,1,independent,2,0.0044667870310377555,0.002028220959243978,0.0024385660717937776
22,800,1,independent,3,0.009962889334112601,0.004824165663260137,0.005138723670852464
22,800,1,independent,4,0.006181198418013456,0.00309523636909887,0.003085962048914586
22,800,1,independent,5,0.001221306976733949,0.0006608468862106491,0.0005604600905232999
22,800,1,spatial_cluster,0,1.0,0.0010923752344228592,0.9989076247655772
22,800,1,spatial_cluster,1,1.0,0.0018880539080386744,0.9981119460919613
22,800,1,spatial_cluster,2,0.003441297021150036,0.0015312360512402567,0.0019100609699097793
22,800,1,spatial_cluster,3,3.645910935989871e-05,2.723643812655254e-05,9.222671233346172e-06
22,800,1,spatial_cluster,4,1.0,0.006520092756646054,0.993479907243354
22,800,1,spatial_cluster,5,0.010961355616367574,0.005120190316601941,0.005841165299765633
22,800,1,targeted,0,0.004300866265223302,0.0022046329752667803,0.0020962332899565218
22,800,1,targeted,1,0.005903251606242721,0.0032410838768797455,0.0026621677293629754
22,800,1,targeted,2,0.0010904288214121927,0.0005385616668434666,0.000551867154568726
22,800,1,targeted,3,0.0047577433168590755,0.002353604060386035,0.0024041392564730403
22,800,1,targeted,4,0.004337124180064378,0.002129729634874824,0.0022073945451895538
22,800,1,targeted,5,0.009226487738466238,0.00447954779119576,0.004746939947270478
22,1200,0,independent,0,0.0032540623060403062,0.0016485090666607278,0.0016055532393795785
22,1200,0,independent,1,0.0053265905065719155,0.002785935402665357,0.0025406551039065584
22,1200,0,independent,2,0.00438316454421428,0.0022252336055089334,0.0021579309387053463
22,1200,0,independent,3,0.00569588102617935,0.002867455232739185,0.0028284257934401654
22,1200,0,independent,4,0.0050402430868076165,0.002575955785381119,0.0024642873014264974
22,1200,0,independent,5,0.006623953078216505,0.00245861783961679,0.004165335238599715
22,1200,0,spatial_cluster,0,0.0016626496424804182,0.0008337327544420328,0.0008289168880383854
22,1200,0,spatial_cluster,1,1.0,0.0015686518837481672,0.9984313481162518
22,1200,0,spatial_cluster,2,0.00273215534419724,0.001201845629375731,0.0015303097148215092
22,1200,0,spatial_cluster,3,6.412980982473115e-05,3.2795947272927376e-05,3.133386255180378e-05
22,1200,0,spatial_cluster,4,0.004384073084859219,0.0021677162625594053,0.002216356822299814
22,1200,0,spatial_cluster,5,1.0,0.003978145968757283,0.9960218540312428
22,1200,0,targeted,0,0.004977207817055129,0.002642803410050199,0.00233440440700493
22,1200,0,targeted,1,0.00993999392619982,0.004928039814789457,0.005011954111410363
22,1200,0,targeted,2,0.006257024735731753,0.0025290271010923247,0.0037279976346394285
22,1200,0,targeted,3,0.006149315666419963,0.003136165802007338,0.0030131498644126254
22,1200,0,targeted,4,0.005647045378227911,0.0028373234535196724,0.002809721924708238
22,1200,0,targeted,5,0.0022674300685396886,0.001160876030232784,0.0011065540383069046
22,1200,1,independent,0,0.003921365234401231,0.0016177153492021592,0.0023036498851990717
22,1200,1,independent,1,0.0035249196205277,0.001758566800138583,0.001766352820389117
22,1200,1,independent,2,0.0032504257538960024,0.0014166786564631393,0.0018337470974328631
22,1200,1,independent,3,0.0005356676327512577,0.00028221609766733045,0.0002534515350839273
22,1200,1,independent,4,0.00548046854473816,0.0024561573853010272,0.0030243111594371323
22,1200,1,independent,5,0.0032239424128917005,0.0016199971381226962,0.0016039452747690043
22,1200,1,spatial_cluster,0,0.003335690716108397,0.0015542108278804334,0.0017814798882279637
22,1200,1,spatial_cluster,1,1.0,0.001736676022525222,0.9982633239774747
22,1200,1,spatial_cluster,2,0.0015413391432935741,0.0004899294300166353,0.001051409713276939
22,1200,1,spatial_cluster,3,0.0012624123617891447,0.0008794398113305231,0.0003829725504586216
22,1200,1,spatial_cluster,4,0.0058510265292344155,0.0028411535908615224,0.003009872938372893
22,1200,1,spatial_cluster,5,0.0029212373641747114,0.000983325293383094,0.0019379120707916173
22,1200,1,targeted,0,0.0009391471122585093,0.0004843698967030276,0.00045477721555548173
22,1200,1,targeted,1,0.002240722751262081,0.001214791148922807,0.0010259316023392738
22,1200,1,targeted,2,0.003155723686230627,0.0015994721461371785,0.0015562515400934485
22,1200,1,targeted,3,0.0024695039330256963,0.0012463576197526062,0.00122314631327309
22,1200,1,targeted,4,0.0071697439434151855,0.0035621999525603048,0.0036075439908548807
22,1200,1,targeted,5,0.007807620927320569,0.003987571056845165,0.0038200498704754034
33,50,0,independent,0,0.00174405483815121,0.0004159538515840747,0.0013281009865671353
33,50,0,independent,1,0.13538650597768476,0.051523380585611935,0.08386312539207283
33,50,0,independent,2,0.15939492901245866,0.06745437936797048,0.09194054964448818
33,50,0,independent,3,0.032435673776729845,0.010894056223623955,0.02154161755310589
33,50,0,independent,4,0.18112643626400948,0.07310789086703,0.10801854539697948
33,50,0,independent,5,0.041092642623134945,0.02182367082197788,0.019268971801157064
33,50,0,spatial_cluster,0,1.0,0.07237211202867436,0.9276278879713257
33,50,0,spatial_cluster,1,0.08383741225549746,0.021477384586971304,0.06236002766852615
33,50,0,spatial_cluster,2,1.0,0.05691983716231509,0.9430801628376849
33,50,0,spatial_cluster,3,0.13376797277437713,0.04453937413847095,0.08922859863590618
33,50,0,spatial_cluster,4,1.0,0.006320527497463976,0.9936794725025361
33,50,0,spatial_cluster,5,0.07963850061500133,0.01987283662516666,0.05976566398983467
33,50,0,targeted,0,0.1674098614116103,0.07732395049377068,0.09008591091783962
33,50,0,targeted,1,0.6555085196858019,0.1983008810534825,0.4572076386323194
33,50,0,targeted,2,0.27151958092643225,0.11328587835113017,0.15823370257530206
33,50,0,targeted,3,0.1418608334997714,0.06303038077379072,0.07883045272598069
33,50,0,targeted,4,0.33902055181901003,0.05781749323895842,0.2812030585800516
33,50,0,targeted,5,0.017343828067373668,0.007182572640890818,0.01016125542648285
33,50,1,independent,0,0.001056729361546882,0.00041313918608474324,0.0006435901754621388
33,50,1,independent,1,0.0013638948509594462,0.0006076832755275185,0.0007562115754319277
33,50,1,independent,2,0.15575162401766007,0.05960068109551482,0.09615094292214525
33,50,1,independent,3,0.14851217853915333,0.04756646521498066,0.10094571332417267
33,50,1,independent,4,0.21743629224265082,0.10247321988815253,0.11496307235449829
33,50,1,independent,5,0.1027668867142204,0.05057695289923253,0.05218993381498788
33,50,1,spatial_cluster,0,0.012771316773775188,0.005388201438255735,0.0073831153355194525
33,50,1,spatial_cluster,1,0.09090003098503485,0.034072017524332955,0.0568280134607019
33,50,1,spatial_cluster,2,1.0,0.08877411489633089,0.9112258851036691
33,50,1,spatial_cluster,3,1.0,0.10716769340193251,0.8928323065980674
33,50,1,spatial_cluster,4,0.01967771332537893,0.005692018671355106,0.013985694654023825
33,50,1,spatial_cluster,5,0.11751528997751692,0.017242396499584277,0.10027289347793264
33,50,1,targeted,0,0.14425062131534971,0.06989249168762175,0.07435812962772796
33,50,1,targeted,1,0.19781199748304856,0.09239436625866015,0.10541763122438841
33,50,1,targeted,2,0.2537592181057424,0.11943277310352093,0.1343264450022215
33,50,1,targeted,3,0.03301049216012364,0.017793514866587888,0.01521697729353575
33,50,1,targeted,4,0.07905275737063666,0.03866709664730572,0.04038566072333094
33,50,1,targeted,5,0.012287653658193398,0.008043204631840543,0.004244449026352855
33,100,0,independent,0,0.07665831662981615,0.03788986994674726,0.03876844668306889
33,100,0,independent,1,0.04289396132617562,0.020695514138670566,0.022198447187505056
33,100,0,independent,2,0.06631894840756791,0.027766083143873993,0.03855286526369392
33,100,0,independent,3,0.0028276659900922096,0.0011408944593020657,0.001686771530790144
33,100,0,independent,4,0.04211542980709859,0.014276947492030151,0.02783848231506844
33,100,0,independent,5,0.05601002535858168,0.024454624439004452,0.03155540091957723
33,100,0,spatial_cluster,0,0.03640370122253034,0.00931655813071767,0.02708714309181267
33,100,0,spatial_cluster,1,0.07415796449564738,0.03707786777939065,0.03708009671625673
33,100,0,spatial_cluster,2,1.0,0.0185161993093307,0.9814838006906693
33,100,0,spatial_cluster,3,1.0,0.010543392639122368,0.9894566073608776
33,100,0,spatial_cluster,4,0.10059021752170416,0.010059686655287474,0.09053053086641669
33,100,0,spatial_cluster,5,0.0180988809908198,0.009193835755246496,0.008905045235573303
33,100,0,targeted,0,0.015439091526836979,0.006750064491227586,0.008689027035609392
33,100,0,targeted,1,0.06279329301283099,0.026033017249876212,0.03676027576295478
33,100,0,targeted,2,0.08084521173601589,0.03173131724883778,0.04911389448717811
33,100,0,targeted,3,0.05332895778139091,0.0203949393820449,0.03293401839934601
33,100,0,targeted,4,0.051568594499014186,0.020870631785651135,0.03069796271336305
33,100,0,targeted,5,0.040684598214735246,0.021712136342776564,0.018972461871958682
33,100,1,independent,0,0.013087975992349343,0.004979542451729614,0.00810843354061973
33,100,1,independent,1,0.09852220497622322,0.031937253846185544,0.06658495113003768
33,100,1,independent,2,0.04291851161510607,0.01980423384166593,0.02311427777344014
33,100,1,independent,3,0.0665997820654387,0.02694129589015446,0.039658486175284245
33,100,1,independent,4,0.028848973328896244,0.01220187501613892,0.016647098312757326
33,100,1,independent,5,0.11819348196175905,0.05176322876061851,0.06643025320114054
33,100,1,spatial_cluster,0,1.0,0.03388954211877111,0.9661104578812288
33,100,1,spatial_cluster,1,0.060222283425268586,0.0210165879808786,0.03920569544438998
33,100,1,spatial_cluster,2,0.17804797978642073,0.039273604641474544,0.13877437514494617
33,100,1,spatial_cluster,3,0.027879929422668592,0.020201147211002315,0.007678782211666277
33,100,1,spatial_cluster,4,1.0,0.018666635885632846,0.9813333641143671
33,100,1,spatial_cluster,5,0.12305041146232665,0.04238392337476278,0.08066648808756387
33,100,1,targeted,0,0.07545351255037125,0.036761823741196464,0.038691688809174785
33,100,1,targeted,1,0.09974136839182635,0.038680460649490274,0.06106090774233607
33,100,1,targeted,2,0.1193654136136455,0.04222611186575454,0.07713930174789096
33,100,1,targeted,3,0.046916574866549765,0.01501838744649539,0.031898187420054375
33,100,1,targeted,4,0.06982498167025064,0.03683912170401394,0.0329858599662367
33,100,1,targeted,5,0.0745076904471238,0.03383838861097049,0.040669301836153304
33,200,0,independent,0,0.04538628218461371,0.02084968723493296,0.024536594949680753
33,200,0,independent,1,0.024561296094668505,0.012209360176678003,0.012351935917990503
33,200,0,independent,2,0.0007861583280628359,0.00026056659891388837,0.0005255917291489475
33,200,0,independent,3,0.010317639229189268,0.005352069156630653,0.004965570072558615
33,200,0,independent,4,0.03650001164818717,0.017604164360336273,0.018895847287850896
33,200,0,independent,5,0.058217813483526504,0.02856002331653042,0.029657790166996083
33,200,0,spatial_cluster,0,0.03408903063706825,0.009984982398337547,0.024104048238730705
33,200,0,spatial_cluster,1,0.0621356887325869,0.019031866249638242,0.04310382248294866
33,200,0,spatial_cluster,2,0.006267176515311834,0.001808341308641615,0.004458835206670219
33,200,0,spatial_cluster,3,0.1487935782457065,0.031619269104076565,0.11717430914162993
33,200,0,spatial_cluster,4,0.028197241536357276,0.012626285600710097,0.015570955935647179
33,200,0,spatial_cluster,5,0.023631088410211665,0.007563642629963686,0.016067445780247977
33,200,0,targeted,0,0.01502868463087137,0.007371654399607241,0.007657030231264129
33,200,0,targeted,1,0.05319082557408339,0.020722749069315614,0.032468076504767775
33,200,0,targeted,2,0.021734475997184366,0.0105098069137864,0.011224669083397965
33,200,0,targeted,3,0.0012068688619955026,0.0005389549010830483,0.0006679139609124543
33,200,0,targeted,4,0.01815676223374718,0.009409657486108376,0.008747104747638805
33,200,0,targeted,5,0.03228776200942951,0.016446414604572735,0.015841347404856775
33,200,1,independent,0,0.027683658338488515,0.01363271401727542,0.014050944321213095
33,200,1,independent,1,0.020480941161050148,0.009035899546938592,0.011445041614111556
33,200,1,independent,2,0.022983239359780083,0.01159323860446706,0.011390000755313023
33,200,1,independent,3,0.01636787502046766,0.008201743168349084,0.008166131852118575
33,200,1,independent,4,0.03652756170823779,0.01583244066358778,0.020695121044650006
33,200,1,independent,5,0.030887565033197117,0.015648149636954576,0.015239415396242541
33,200,1,spatial_cluster,0,0.0030070142179075,0.0014136546287275105,0.0015933595891799894
33,200,1,spatial_cluster,1,0.005868097272185291,0.0028338341655246724,0.0030342631066606184
33,200,1,spatial_cluster,2,0.002015640412230013,0.0009419407817010748,0.0010736996305289383
33,200,1,spatial_cluster,3,0.001537415295999378,0.001100207236839347,0.00043720805916003117
33,200,1,spatial_cluster,4,0.023849114857397713,0.0068881658162514205,0.01696094904114629
33,200,1,spatial_cluster,5,0.004050746279004924,0.002643530852577034,0.0014072154264278902
33,200,1,targeted,0,0.027183329157508873,0.01403100165955714,0.013152327497951734
33,200,1,targeted,1,0.04484185583861111,0.021381168228550042,0.02346068761006107
33,200,1,targeted,2,0.03674903475585434,0.01826440509270436,0.01848462966314998
33,200,1,targeted,3,0.027638767330090408,0.01329874345672098,0.014340023873369427
33,200,1,targeted,4,0.01895055999470674,0.009667655938189024,0.009282904056517716
33,200,1,targeted,5,0.0428046846198642,0.019753666281419776,0.02305101833844442
33,400,0,independent,0,0.012057281312409796,0.005666302624473186,0.00639097868793661
33,400,0,independent,1,0.010613209024428971,0.006175782497297526,0.004437426527131445
33,400,0,independent,2,0.018307652057805934,0.007934354033388442,0.010373298024417492
33,400,0,independent,3,0.018660424284603017,0.008789145972801641,0.009871278311801375
33,400,0,independent,4,0.015322197567758433,0.007306973579044659,0.008015223988713774
33,400,0,independent,5,0.013203520782325784,0.005623936354489708,0.007579584427836076
33,400,0,spatial_cluster,0,1.0,0.008357295347703832,0.9916427046522962
33,400,0,spatial_cluster,1,0.009555043146258435,0.002243323007709596,0.007311720138548839
33,400,0,spatial_cluster,2,0.02611248103786501,0.010314271898749937,0.015798209139115074
33,400,0,spatial_cluster,3,0.012816816126804409,0.006618683915282317,0.006198132211522092
33,400,0,spatial_cluster,4,0.01114485058266279,0.0035500867016639557,0.0075947638809988356
33,400,0,spatial_cluster,5,0.0284852663837033,0.010091097306100584,0.018394169077602718
33,400,0,targeted,0,0.020738343907550916,0.01045345128942581,0.010284892618125105
33,400,0,targeted,1,0.005588756855577581,0.0024240217661781437,0.0031647350893994376
33,400,0,targeted,2,0.024454894744586286,0.01140582781624388,0.013049066928342406
33,400,0,targeted,3,0.012161324713033439,0.006207267977754642,0.005954056735278797
33,400,0,targeted,4,0.012374792085682151,0.005934722445497225,0.006440069640184926
33,400,0,targeted,5,0.004148159258605233,0.0019662054303337655,0.0021819538282714674
33,400,1,independent,0,0.004255832154762884,0.0015912191007081522,0.0026646130540547317
33,400,1,independent,1,0.023910320940290775,0.009547417676933224,0.01436290326335755
33,400,1,independent,2,0.0005140907806654438,0.0003328544617379265,0.0001812363189275173
33,400,1,independent,3,0.0006551370136937962,0.00030775114658730364,0.00034738586710649253
33,400,1,independent,4,0.003668867225762207,0.0017385302506703574,0.0019303369750918494
33,400,1,independent,5,0.005353937146456933,0.0026089603139638653,0.0027449768324930676
33,400,1,spatial_cluster,0,0.0063129046809043965,0.0022043261154409896,0.004108578565463407
33,400,1,spatial_cluster,1,1.0,0.011703970885746932,0.9882960291142531
33,400,1,spatial_cluster,2,1.0,0.007771399608663233,0.9922286003913368
33,400,1,spatial_cluster,3,0.009055465556931597,0.0037927825499494473,0.00526268300698215
33,400,1,spatial_cluster,4,1.0,0.018366678635859127,0.9816333213641408
33,400,1,spatial_cluster,5,0.002847979768574427,0.0016024516515935991,0.0012455281169808277
33,400,1,targeted,0,0.043462285078781915,0.01638977177794122,0.027072513300840696
33,400,1,targeted,1,0.022400455240169315,0.011340424675549044,0.011060030564620271
33,400,1,targeted,2,0.019302683296753664,0.009892780952505934,0.00940990234424773
33,400,1,targeted,3,0.026051422056975304,0.013201333621682897,0.012850088435292407
33,400,1,targeted,4,0.016524809921206307,0.007353843466838817,0.00917096645436749
33,400,1,targeted,5,0.005998525535278687,0.002671664413026758,0.003326861122251929
33,800,0,independent,0,0.006430408220860606,0.0031229233675953397,0.0033074848532652665
33,800,0,independent,1,0.007887455759954198,0.003919160621878196,0.003968295138076002
33,800,0,independent,2,0.0027767297026097815,0.0013640641236690875,0.001412665578940694
33,800,0,independent,3,0.013835202057799867,0.006910746095851611,0.006924455961948256
33,800,0,independent,4,0.0020852804296901395,0.0007959755255186583,0.0012893049041714812
33,800,0,independent,5,0.009028882008909167,0.004838447221806732,0.004190434787102435
33,800,0,spatial_cluster,0,0.015161877410985514,0.006755130408476712,0.008406747002508801
33,800,0,spatial_cluster,1,1.0,0.00805347715776578,0.9919465228422342
33,800,0,spatial_cluster,2,1.0,0.0029701514166779784,0.997029848583322
33,800,0,spatial_cluster,3,0.001830493169078351,0.0009069574329738836,0.0009235357361044674
33,800,0,spatial_cluster,4,0.008122346450612161,0.003972961101801683,0.004149385348810478
33,800,0,spatial_cluster,5,0.007444273648388289,0.002260608942672525,0.005183664705715764
33,800,0,targeted,0,0.013367120781436648,0.006877296057839933,0.006489824723596715
33,800,0,targeted,1,0.003320094792323647,0.0017000526730499548,0.001620042119273692
33,800,0,targeted,2,0.008344314819083154,0.004179485594610114,0.00416482922447304
33,800,0,targeted,3,0.010695457517376106,0.005404620360932501,0.005290837156443605
33,800,0,targeted,4,0.003787978212433818,0.001874111493816456,0.001913866718617362
33,800,0,targeted,5,0.0035176171728060757,0.0019029091941615798,0.001614707978644496
33,800,1,independent,0,0.006401372958667162,0.003179887595587377,0.003221485363079785
33,800,1,independent,1,0.0125241532271545,0.00582825353538332,0.006695899691771179
33,800,1,independent,2,0.008820612221550173,0.00426227911084493,0.004558333110705242
33,800,1,independent,3,0.0062743392808422005,0.003029819625630173,0.0032445196552120274
33,800,1,independent,4,0.005669127113037353,0.003112621546725726,0.002556505566311627
33,800,1,independent,5,0.01355642269904811,0.005983017215043767,0.007573405484004343
33,800,1,spatial_cluster,0,0.0083793129302272,0.002396220876351841,0.00598309205387536
33,800,1,spatial_cluster,1,0.0006876564743623081,0.000341469941050466,0.0003461865333118421
33,800,1,spatial_cluster,2,0.006224976772490454,0.001777589650441101,0.004447387122049353
33,800,1,spatial_cluster,3,0.0035958977506880263,0.0021424971177583484,0.001453400632929678
33,800,1,spatial_cluster,4,1.0,0.00029530139555906785,0.9997046986044409
33,800,1,spatial_cluster,5,1.0,0.0038521505397593574,0.9961478494602406
33,800,1,targeted,0,0.011712599181088024,0.005945696904301376,0.005766902276786647
33,800,1,targeted,1,0.0029285581042211017,0.0016102331020754186,0.0013183250021456831
33,800,1,targeted,2,0.005487634572935662,0.002763928831737745,0.002723705741197917
33,800,1,targeted,3,0.005230671274027987,0.0026797375481320204,0.0025509337258959666
33,800,1,targeted,4,0.005514474467590458,0.0027395830236902384,0.0027748914439002193
33,800,1,targeted,5,0.009789386109546605,0.0051155511100470855,0.00467383499949952
33,1200,0,independent,0,0.001956508822601455,0.0009738070450847381,0.0009827017775167167
33,1200,0,independent,1,0.0008887758206632679,0.000434399094774055,0.0004543767258892129
33,1200,0,independent,2,0.0031516917081865214,0.0016057779999572568,0.0015459137082292646
33,1200,0,independent,3,0.009909564752690336,0.004757812309987001,0.005151752442703336
33,1200,0,independent,4,0.009233442934847735,0.004700105825453642,0.004533337109394094
33,1200,0,independent,5,0.0070609934560055265,0.003527509893397346,0.0035334835626081806
33,1200,0,spatial_cluster,0,0.008982598999125901,0.0031211311605085627,0.005861467838617339
33,1200,0,spatial_cluster,1,1.0,0.0035229079131699204,0.9964770920868301
33,1200,0,spatial_cluster,2,0.0068884909282062035,0.0018992514228874135,0.00498923950531879
33,1200,0,spatial_cluster,3,1.0,0.004964666166539383,0.9950353338334607
33,1200,0,spatial_cluster,4,0.0019143645718878721,0.0006943077905474186,0.0012200567813404535
33,1200,0,spatial_cluster,5,1.0,0.0014975910200743603,0.9985024089799256
33,1200,0,targeted,0,0.004152573430987738,0.0019186885194339494,0.002233884911553789
33,1200,0,targeted,1,0.0007837464032767194,0.00038473550674147103,0.0003990108965352484
33,1200,0,targeted,2,0.0008139589467889286,0.0004117701021011723,0.00040218884468775626
33,1200,0,targeted,3,0.0016982252778109386,0.0006543105079121025,0.001043914769898836
33,1200,0,targeted,4,0.00670134136892353,0.0034519217291593893,0.003249419639764141
33,1200,0,targeted,5,0.004737004226349373,0.0024707394552332075,0.0022662647711161653
33,1200,1,independent,0,0.005039764352575138,0.0026184436181986227,0.002421320734376515
33,1200,1,independent,1,0.0029208633888012647,0.001429968606819409,0.0014908947819818558
33,1200,1,independent,2,0.0034710895719620716,0.0017738065936520606,0.001697282978310011
33,1200,1,independent,3,0.0007881378271200612,0.0003993083973544908,0.0003888294297655704
33,1200,1,independent,4,0.0035324464220882756,0.001773889955052293,0.0017585564670359827
33,1200,1,independent,5,0.0024094161868998265,0.0012276254155989255,0.001181790771300901
33,1200,1,spatial_cluster,0,0.0024315437556320374,0.0014989724518615687,0.0009325713037704687
33,1200,1,spatial_cluster,1,0.0021217972295120013,0.001398791531145149,0.0007230056983668523
33,1200,1,spatial_cluster,2,1.0,0.006476939974181303,0.9935230600258187
33,1200,1,spatial_cluster,3,0.0010660286463010094,0.0005225393054689479,0.0005434893408320614
33,1200,1,spatial_cluster,4,0.006569720378638566,0.0029603728438863837,0.0036093475347521824
33,1200,1,spatial_cluster,5,0.007469993338006575,0.00249302321611345,0.004976970121893125
33,1200,1,targeted,0,0.004325706974845245,0.0022383859519018155,0.0020873210229434293
33,1200,1,targeted,1,0.009962992449686237,0.005231059677894442,0.004731932771791795
33,1200,1,targeted,2,0.0022487646500546354,0.0011794030230850953,0.00106936162696954
33,1200,1,targeted,3,0.002403919583330527,0.0011855346646766718,0.0012183849186538553
33,1200,1,targeted,4,0.00710550598841897,0.003587934016875116,0.0035175719715438538
33,1200,1,targeted,5,0.007133727252984556,0.0037834679517205973,0.003350259301263959
44,50,0,independent,0,0.22549671949098782,0.10788956277000084,0.11760715672098698
44,50,0,independent,1,0.19130835566643778,0.10349777509611217,0.0878105805703256
44,50,0,independent,2,0.07063803382984168,0.03548068217157552,0.03515735165826617
44,50,0,independent,3,0.12816003783326957,0.04559665508018075,0.08256338275308882
44,50,0,independent,4,0.4127011961537177,0.1420028728774496,0.2706983232762681
44,50,0,independent,5,0.031495421771948195,0.016266471319261837,0.015228950452686359
44,50,0,spatial_cluster,0,0.09435907390092624,0.025085315486539035,0.06927375841438721
44,50,0,spatial_cluster,1,1.0,0.005952139892568937,0.9940478601074311
44,50,0,spatial_cluster,2,1.0,0.050164350106405846,0.9498356498935941
44,50,0,spatial_cluster,3,0.00037109425874304325,0.0001523527823805993,0.00021874147636244396
44,50,0,spatial_cluster,4,0.22960008240683116,0.1081848426000467,0.12141523980678447
44,50,0,spatial_cluster,5,1.0,0.12753790861756054,0.8724620913824395
44,50,0,targeted,0,0.06806213902230984,0.03371016838994841,0.03435197063236143
44,50,0,targeted,1,0.1214859692117165,0.04379966186331051,0.077686307348406
44,50,0,targeted,2,0.09120980908870568,0.018731289568394847,0.07247851952031084
44,50,0,targeted,3,0.14424229464713578,0.06456871647034573,0.07967357817679005
44,50,0,targeted,4,0.005779824350939267,0.0024627774194838515,0.003317046931455415
44,50,0,targeted,5,0.20472396276225846,0.09309769951451828,0.11162626324774018
44,50,1,independent,0,0.24318177568337296,0.09347814427486033,0.14970363140851262
44,50,1,independent,1,0.2089207042442761,0.0954612888657581,0.11345941537851802
44,50,1,independent,2,0.15233585088742552,0.031766118720044006,0.12056973216738151
44,50,1,independent,3,0.05383446271259429,0.01653839277496491,0.03729606993762938
44,50,1,independent,4,0.0941130811930545,0.048548908509510214,0.04556417268354429
44,50,1,independent,5,0.3042864563842467,0.13793125445529203,0.16635520192895464
44,50,1,spatial_cluster,0,1.0,0.11065404584458598,0.8893459541554141
44,50,1,spatial_cluster,1,0.005724688447033666,0.0026867035716138963,0.0030379848754197693
44,50,1,spatial_cluster,2,1.0,0.028805302827334477,0.9711946971726655
44,50,1,spatial_cluster,3,0.04118533171470218,0.005504728806511939,0.03568060290819024
44,50,1,spatial_cluster,4,0.08049362270586524,0.04548329094417174,0.0350103317616935
44,50,1,spatial_cluster,5,0.025484511865662696,0.013910440045424412,0.011574071820238284
44,50,1,targeted,0,0.04538723717376969,0.022820703985645906,0.022566533188123784
44,50,1,targeted,1,0.11485545511747508,0.05600906569315159,0.05884638942432349
44,50,1,targeted,2,0.038151373124545085,0.017531253833505858,0.020620119291039227
44,50,1,targeted,3,0.23500855640265172,0.11165355096925607,0.12335500543339566
44,50,1,targeted,4,0.13413009281442523,0.06550193486638735,0.06862815794803788
44,50,1,targeted,5,0.25407055280319013,0.1422812446052443,0.11178930819794583
44,100,0,independent,0,0.008111893737586806,0.004221708115962365,0.003890185621624441
44,100,0,independent,1,0.08568054456143592,0.03622527007634864,0.04945527448508728
44,100,0,independent,2,0.04380455921300885,0.013599766090816244,0.03020479312219261
44,100,0,independent,3,0.003873371123112146,0.0010047712611628546,0.0028685998619492913
44,100,0,independent,4,0.08560646013176887,0.04138730951037133,0.044219150621397536
44,100,0,independent,5,0.0035836102079671583,0.0018071663213105093,0.001776443886656649
44,100,0,spatial_cluster,0,0.04224535508204175,0.0219244905603274,0.020320864521714346
44,100,0,spatial_cluster,1,0.02158305252531878,0.006382865588854456,0.015200186936464324
44,100,0,spatial_cluster,2,0.07096685908025313,0.02429486682524651,0.04667199225500662
44,100,0,spatial_cluster,3,0.1921465055542142,0.05733564810137894,0.13481085745283525
44,100,0,spatial_cluster,4,0.08604842829073178,0.027599951556240544,0.05844847673449124
44,100,0,spatial_cluster,5,0.017434432233376596,0.008193340901508884,0.009241091331867712
44,100,0,targeted,0,0.06056058624127103,0.02234037734291891,0.03822020889835212
44,100,0,targeted,1,0.03666857399641121,0.010497125804689521,0.026171448191721694
44,100,0,targeted,2,0.10565212910471722,0.040555531899938435,0.06509659720477878
44,100,0,targeted,3,0.06314590128445086,0.03286102644007717,0.030284874844373685
44,100,0,targeted,4,0.1285576030798764,0.0615616697752057,0.06699593330467071
44,100,0,targeted,5,0.07711061175383571,0.03341239720724129,0.04369821454659442
44,100,1,independent,0,0.017702063529124734,0.007138976709577281,0.010563086819547454
44,100,1,independent,1,0.0033854928779654125,0.0017178018686289675,0.001667691009336445
44,100,1,independent,2,0.04862967485918124,0.022621328064926217,0.02600834679425502
44,100,1,independent,3,0.026657481335890076,0.009173575964217574,0.017483905371672503
44,100,1,independent,4,0.06480318747311764,0.028851131282412998,0.03595205619070464
44,100,1,independent,5,0.002162374760706798,0.001240173948484596,0.0009222008122222018
44,100,1,spatial_cluster,0,0.1493929801816951,0.013909553519074845,0.13548342666262025
44,100,1,spatial_cluster,1,0.056086745730506204,0.013482637575793974,0.04260410815471223
44,100,1,spatial_cluster,2,0.06653498336044517,0.016399107706607925,0.050135875653837245
44,100,1,spatial_cluster,3,1.0,0.014627290834432935,0.9853727091655671
44,100,1,spatial_cluster,4,1.0,0.03539482400421247,0.9646051759957875
44,100,1,spatial_cluster,5,1.0,0.06528671617019739,0.9347132838298026
44,100,1,targeted,0,0.1846181578221192,0.0606036619041971,0.1240144959179221
44,100,1,targeted,1,0.042683274387380954,0.014883085628098753,0.027800188759282203
44,100,1,targeted,2,0.041737970088041476,0.010832299040267003,0.030905671047774474
44,100,1,targeted,3,0.11174934466243236,0.0551598942628431,0.05658945039958926
44,100,1,targeted,4,0.1160835261089076,0.049684630409286744,0.06639889569962085
44,100,1,targeted,5,0.1403183278265998,0.0518226218960415,0.0884957059305583
44,200,0,independent,0,0.05068105791792421,0.0263956285624104,0.02428542935551381
44,200,0,independent,1,0.017416011786939745,0.008697496597417365,0.00871851518952238
44,200,0,independent,2,0.008623177299625584,0.004528933189014112,0.004094244110611472
44,200,0,independent,3,0.02743863461738616,0.013097643581161436,0.014340991036224724
44,200,0,independent,4,0.01762915927470765,0.008362982841251228,0.009266176433456423
44,200,0,independent,5,0.010178176161235508,0.004916794539515469,0.005261381621720039
44,200,0,spatial_cluster,0,0.024109734905059965,0.008960064459185789,0.015149670445874177
44,200,0,spatial_cluster,1,0.02562720943021335,0.0024550975230512606,0.023172111907162087
44,200,0,spatial_cluster,2,0.03217624362034577,0.011924997437245928,0.02025124618309984
44,200,0,spatial_cluster,3,1.0,0.019562091702122066,0.9804379082978779
44,200,0,spatial_cluster,4,1.0,0.03545613149011335,0.9645438685098866
44,200,0,spatial_cluster,5,1.0,0.007729011453082714,0.9922709885469173
44,200,0,targeted,0,0.03985479462586483,0.02086774077499498,0.01898705385086985
44,200,0,targeted,1,0.0012582219437945463,0.0008571825221123948,0.0004010394216821515
44,200,0,targeted,2,0.052267556596317544,0.027876434226453205,0.024391122369864338
44,200,0,targeted,3,0.04522724141514389,0.017196545607494593,0.0280306958076493
44,200,0,targeted,4,0.010925449096641837,0.005870058220933917,0.00505539087570792
44,200,0,targeted,5,0.021262618856303428,0.01218596713536052,0.009076651720942908
44,200,1,independent,0,0.013309574234743105,0.006486680514006165,0.00682289372073694
44,200,1,independent,1,0.015254814717379439,0.00836463790914111,0.006890176808238328
44,200,1,independent,2,0.012420282776762326,0.006145422093397538,0.006274860683364788
44,200,1,independent,3,0.011477123240146492,0.006004326031533939,0.005472797208612553
44,200,1,independent,4,0.0031187393018003995,0.0014273075373148645,0.001691431764485535
44,200,1,independent,5,0.003182834032024129,0.0008798470115606636,0.0023029870204634654
44,200,1,spatial_cluster,0,0.00462618950596283,0.0011264366158740533,0.0034997528900887766
44,200,1,spatial_cluster,1,1.0,0.0022930554228211375,0.9977069445771789
44,200,1,spatial_cluster,2,0.011061861404378148,0.00403154161606787,0.007030319788310278
44,200,1,spatial_cluster,3,0.02962894482235434,0.010661260328460733,0.01896768449389361
44,200,1,spatial_cluster,4,1.0,0.024432284954299548,0.9755677150457005
44,200,1,spatial_cluster,5,0.017716592618039373,0.004512217139934925,0.013204375478104447
44,200,1,targeted,0,0.054922467469717184,0.029023694315333564,0.02589877315438362
44,200,1,targeted,1,0.013819739754207583,0.007520912089315768,0.006298827664891815
44,200,1,targeted,2,0.028701940280871696,0.01851939471322436,0.010182545567647337
44,200,1,targeted,3,0.02742886846535786,0.015030076416971601,0.012398792048386257
44,200,1,targeted,4,0.07066043359473295,0.03821901422762439,0.032441419367108565
44,200,1,targeted,5,0.05394578830064123,0.0283834432459738,0.025562345054667427
44,400,0,independent,0,0.00831809838650166,0.003991696626960928,0.004326401759540732
44,400,0,independent,1,0.018629824901312375,0.008391942551816528,0.010237882349495847
44,400,0,independent,2,0.007714002805679021,0.003392194878904252,0.0043218079267747685
44,400,0,independent,3,0.01665651469570706,0.008622558231492468,0.00803395646421459
44,400,0,independent,4,0.006366151484181071,0.003245390337883208,0.003120761146297863
44,400,0,independent,5,0.008104241164959891,0.003764017446681362,0.004340223718278529
44,400,0,spatial_cluster,0,1.0,0.012508227218872573,0.9874917727811274
44,400,0,spatial_cluster,1,0.019237772238217987,0.006395526605885982,0.012842245632332005
44,400,0,spatial_cluster,2,0.005818737173279853,0.0018279426143834507,0.003990794558896402
44,400,0,spatial_cluster,3,0.011930086952271601,0.003353115997518878,0.008576970954752723
44,400,0,spatial_cluster,4,0.022537922198645033,0.00765517622413347,0.014882745974511563
44,400,0,spatial_cluster,5,1.0,0.013029922979991296,0.9869700770200087
44,400,0,targeted,0,0.001231507632413753,0.0006285888666276312,0.0006029187657861218
44,400,0,targeted,1,0.017183478643844285,0.009005586967142449,0.008177891676701837
44,400,0,targeted,2,0.01568416669103434,0.005665780180434976,0.010018386510599366
44,400,0,targeted,3,0.00575102998874355,0.003061725042620388,0.002689304946123162
44,400,0,targeted,4,0.023885236989862224,0.011627962362423833,0.012257274627438391
44,400,0,targeted,5,0.01608366200499156,0.00864064385491932,0.007443018150072242
44,400,1,independent,0,0.0170896382251986,0.0079190409958532,0.0091705972293454
44,400,1,independent,1,0.001443466467993093,0.000786089592270624,0.000657376875722469
44,400,1,independent,2,0.015320601961633207,0.007531945435018934,0.007788656526614273
44,400,1,independent,3,0.007466634291187768,0.00303348787701997,0.004433146414167798
44,400,1,independent,4,0.017721642722785202,0.008599265373170765,0.009122377349614437
44,400,1,independent,5,0.0052918944609150476,0.002479800599435782,0.0028120938614792654
44,400,1,spatial_cluster,0,0.02400994018819702,0.009629068530614293,0.014380871657582728
44,400,1,spatial_cluster,1,0.010317463283561534,0.0030737532399785846,0.00724371004358295
44,400,1,spatial_cluster,2,0.02256951260186746,0.009536607569888304,0.013032905031979155
44,400,1,spatial_cluster,3,0.0246550978072958,0.009478621096261266,0.015176476711034535
44,400,1,spatial_cluster,4,0.031630979068236864,0.012332527730232341,0.01929845133800452
44,400,1,spatial_cluster,5,0.01336286583229862,0.004209661661610875,0.009153204170687745
44,400,1,targeted,0,0.02324314036886832,0.009249169201811706,0.013993971167056614
44,400,1,targeted,1,0.01081930906031281,0.005178510583225896,0.005640798477086913
44,400,1,targeted,2,0.002758617925109119,0.0013469085120093225,0.0014117094130997967
44,400,1,targeted,3,0.03311475879240633,0.016676281997646092,0.016438476794760237
44,400,1,targeted,4,0.003350183090075176,0.0017632598624273382,0.001586923227647838
44,400,1,targeted,5,0.005542909065888835,0.0027905170125113693,0.0027523920533774654
44,800,0,independent,0,0.005141920651966614,0.002628703200953748,0.002513217451012866
44,800,0,independent,1,0.004290860430366528,0.002192168666731776,0.0020986917636347515
44,800,0,independent,2,0.006316744656865825,0.0031613918395638737,0.003155352817301951
44,800,0,independent,3,0.006978139984731291,0.0036138922060061176,0.0033642477787251732
44,800,0,independent,4,0.001527883223094828,0.0006440083834282706,0.0008838748396665574
44,800,0,independent,5,0.006674277401246376,0.0034996100570355076,0.003174667344210868
44,800,0,spatial_cluster,0,0.0020456003504968345,0.0014909427204664277,0.0005546576300304068
44,800,0,spatial_cluster,1,0.008644251470753872,0.0031305127222297116,0.00551373874852416
44,800,0,spatial_cluster,2,0.003245764838606169,0.0017193841401592592,0.0015263806984469096
44,800,0,spatial_cluster,3,0.004902705356192083,0.001973596088514841,0.002929109267677242
44,800,0,spatial_cluster,4,1.0,0.0014855225578217174,0.9985144774421782
44,800,0,spatial_cluster,5,1.0,0.008154523859908117,0.9918454761400919
44,800,0,targeted,0,0.00417819900037919,0.0021760766166488543,0.002002122383730336
44,800,0,targeted,1,0.010903367439898615,0.005845587985840756,0.005057779454057858
44,800,0,targeted,2,0.0007516471510689016,0.0004104876312176907,0.00034115951985121086
44,800,0,targeted,3,0.015326852654716117,0.0061944185971158985,0.009132434057600218
44,800,0,targeted,4,0.001914051823703078,0.0009663054128269252,0.0009477464108761527
44,800,0,targeted,5,0.008112311478474465,0.0041419531181885886,0.003970358360285877
44,800,1,independent,0,0.0036455444832047545,0.0017333326678886118,0.0019122118153161428
44,800,1,independent,1,0.001505500756907141,0.0007736804092922429,0.0007318203476148981
44,800,1,independent,2,0.0053847193129425985,0.002431614604655272,0.0029531047082873266
44,800,1,independent,3,0.0054169404115376185,0.0020135930144030965,0.003403347397134522
44,800,1,independent,4,0.0011410354925966981,0.0006171131040435737,0.0005239223885531244
44,800,1,independent,5,0.00619759985085544,0.00323730635854377,0.00296029349231167
44,800,1,spatial_cluster,0,0.006317006106111744,0.002438032057402839,0.0038789740487089053
44,800,1,spatial_cluster,1,0.0002614946779994076,0.00018050889940476474,8.098577859464289e-05
44,800,1,spatial_cluster,2,0.0015334573150471709,0.0009065116952991826,0.0006269456197479882
44,800,1,spatial_cluster,3,1.0,0.007020838836538824,0.9929791611634612
44,800,1,spatial_cluster,4,0.0008721577218130383,0.0004284547827505123,0.000443702939062526
44,800,1,spatial_cluster,5,1.0,0.0030407689704863602,0.9969592310295137
44,800,1,targeted,0,0.0009463202732910014,0.0005354001375181189,0.0004109201357728826
44,800,1,targeted,1,0.0027429875499624945,0.0015247241801185502,0.0012182633698439443
44,800,1,targeted,2,0.004900924855185784,0.002494044141489883,0.002406880713695901
44,800,1,targeted,3,0.003876452555190313,0.001921115091444835,0.001955337463745478
44,800,1,targeted,4,0.005551276786836312,0.002850513865430009,0.002700762921406303
44,800,1,targeted,5,0.01142151861852203,0.005711564993005865,0.005709953625516166
44,1200,0,independent,0,0.0034439651377934366,0.0015276113681610586,0.001916353769632378
44,1200,0,independent,1,0.004550917148029465,0.002138516078644686,0.0024124010693847794
44,1200,0,independent,2,0.005283103907370412,0.0027820394612372346,0.0025010644461331776
44,1200,0,independent,3,0.002602320173052175,0.0013554679648510612,0.0012468522082011138
44,1200,0,independent,4,0.009268242856196873,0.004582500939452866,0.004685741916744007
44,1200,0,independent,5,0.0071476040663465135,0.0036591279091973948,0.0034884761571491187
44,1200,0,spatial_cluster,0,0.000732738429299884,0.00036157035681637904,0.00037116807248350494
44,1200,0,spatial_cluster,1,1.0,0.0002453819032175556,0.9997546180967825
44,1200,0,spatial_cluster,2,0.000467172999629617,0.0002326039436991869,0.0002345690559304301
44,1200,0,spatial_cluster,3,0.0010287304664893249,0.0006277118312508406,0.00040101863523848427
44,1200,0,spatial_cluster,4,0.0023880071506292566,0.000715112110915354,0.0016728950397139025
44,1200,0,spatial_cluster,5,0.010160862334721354,0.004920700917696616,0.005240161417024739
44,1200,0,targeted,0,0.005710063488253203,0.0029099816013866205,0.0028000818868665826
44,1200,0,targeted,1,0.005247242494091142,0.0026706064040075196,0.0025766360900836226
44,1200,0,targeted,2,0.005182102571078651,0.0026961734041510022,0.0024859291669276484
44,1200,0,targeted,3,0.0011975032158546561,0.0006343267798314443,0.0005631764360232119
44,1200,0,targeted,4,0.005701491625153765,0.003169997157488977,0.002531494467664788
44,1200,0,targeted,5,0.004316035472659796,0.0022151292709464343,0.0021009062017133618
44,1200,1,independent,0,0.003674730358809386,0.0018361132219229237,0.0018386171368864623
44,1200,1,independent,1,0.00019401229727578073,9.632963145058794e-05,9.76826658251928e-05
44,1200,1,independent,2,0.006171502414619501,0.00304628840545262,0.0031252140091668807
44,1200,1,independent,3,0.00338794334856396,0.0016941119358055883,0.0016938314127583716
44,1200,1,independent,4,0.010081800212104364,0.00452660073412128,0.005555199477983084
44,1200,1,independent,5,0.0008411261143284054,0.0004132214616984566,0.00042790465262994884
44,1200,1,spatial_cluster,0,0.0009267671694525026,0.0005095230472875265,0.00041724412216497604
44,1200,1,spatial_cluster,1,1.0,0.0019627111171304783,0.9980372888828695
44,1200,1,spatial_cluster,2,0.004132669222386531,0.0024666773554788946,0.0016659918669076367
44,1200,1,spatial_cluster,3,0.000208406102667702,0.00016340469631887156,4.500140634883042e-05
44,1200,1,spatial_cluster,4,1.0,0.0001251350757001179,0.9998748649242999
44,1200,1,spatial_cluster,5,0.0008209332380001433,0.00040836848816572615,0.00041256474983441713
44,1200,1,targeted,0,0.0039036225518033207,0.0020209772784692557,0.001882645273334065
44,1200,1,targeted,1,0.004175736247161721,0.00214568385728581,0.002030052389875911
44,1200,1,targeted,2,0.001042179280905331,0.0005179599778002355,0.0005242193031050954
44,1200,1,targeted,3,0.005171172077571562,0.002478123699749958,0.002693048377821604
44,1200,1,targeted,4,0.007850618067743897,0.0034945517326899836,0.004356066335053914
44,1200,1,targeted,5,0.0016229847518254292,0.0007873453369535362,0.000835639414871893
55,50,0,independent,0,0.12385921218796725,0.051142442883034996,0.07271676930493226
55,50,0,independent,1,0.07042203009808379,0.023561998466901116,0.04686003163118267
55,50,0,independent,2,0.11864564005421019,0.045364739651668935,0.07328090040254126
55,50,0,independent,3,0.061398880734802375,0.02597192424422602,0.03542695649057635
55,50,0,independent,4,0.2613442115853035,0.10971263441040201,0.1516315771749015
55,50,0,independent,5,0.2616683963933981,0.10142148462325268,0.16024691177014544
55,50,0,spatial_cluster,0,1.0,0.029490685756526348,0.9705093142434736
55,50,0,spatial_cluster,1,0.02200745882361732,0.0056554193044781875,0.016352039519139133
55,50,0,spatial_cluster,2,0.07193493093042458,0.027900655217605003,0.04403427571281958
55,50,0,spatial_cluster,3,1.0,0.026981611145066576,0.9730183888549334
55,50,0,spatial_cluster,4,0.1992321787228507,0.04518173446845229,0.1540504442543984
55,50,0,spatial_cluster,5,1.0,0.08186978378214797,0.9181302162178521
55,50,0,targeted,0,0.2099068699847938,0.09921487370593342,0.11069199627886038
55,50,0,targeted,1,0.04202326920977373,0.020094447948403687,0.02192882126137004
55,50,0,targeted,2,0.10803262133756253,0.03972839630564484,0.06830422503191769
55,50,0,targeted,3,0.23889834401278776,0.10635065637582532,0.13254768763696245
55,50,0,targeted,4,0.25888062640709175,0.12629212069709003,0.13258850571000172
55,50,0,targeted,5,0.12071917754942563,0.052139265190893985,0.06857991235853164
55,50,1,independent,0,1.0,0.016568647165691633,0.9834313528343084
55,50,1,independent,1,0.13994863017082648,0.05196492336545414,0.08798370680537235
55,50,1,independent,2,0.07457662203921234,0.035074833735602426,0.03950178830360991
55,50,1,independent,3,0.14716600659031043,0.056898690968735774,0.09026731562157465
55,50,1,independent,4,0.18209495075209847,0.0751979145930686,0.10689703615902987
55,50,1,independent,5,0.10754014568918846,0.04442049909639564,0.06311964659279282
55,50,1,spatial_cluster,0,1.0,0.08870017446241288,0.9112998255375871
55,50,1,spatial_cluster,1,1.0,0.042844802584749916,0.9571551974152501
55,50,1,spatial_cluster,2,0.1543216439171522,0.07163755126817246,0.08268409264897973
55,50,1,spatial_cluster,3,0.18012258697590067,0.07861749468254965,0.10150509229335102
55,50,1,spatial_cluster,4,1.0,0.03305158560004983,0.9669484143999502
55,50,1,spatial_cluster,5,1.0,0.013345697936218443,0.9866543020637816
55,50,1,targeted,0,0.10660963094843212,0.04432134797980818,0.06228828296862394
55,50,1,targeted,1,0.009210757175711626,0.006044109632910642,0.0031666475428009837
55,50,1,targeted,2,0.03587055372072667,0.017022758095999412,0.01884779562472726
55,50,1,targeted,3,0.07141467755615016,0.036113792415499446,0.03530088514065072
55,50,1,targeted,4,0.08893059257632385,0.02962144510897484,0.05930914746734901
55,50,1,targeted,5,0.20263211968311934,0.05569598084948252,0.14693613883363682
55,100,0,independent,0,0.029940589527128192,0.014105611516645404,0.015834978010482788
55,100,0,independent,1,0.06894551048445774,0.030581922907664743,0.03836358757679299
55,100,0,independent,2,0.1013936608316387,0.03994803007511696,0.06144563075652174
55,100,0,independent,3,0.11066655235839651,0.04265489978793635,0.06801165257046016
55,100,0,independent,4,0.07749926429155274,0.0263463299808855,0.05115293431066724
55,100,0,independent,5,0.07799583074064897,0.03255735252407309,0.04543847821657589
55,100,0,spatial_cluster,0,1.0,0.031552478254955656,0.9684475217450443
55,100,0,spatial_cluster,1,0.08504423238195469,0.0265595323686971,0.05848470001325759
55,100,0,spatial_cluster,2,0.014921323592421154,0.001968873790852347,0.012952449801568807
55,100,0,spatial_cluster,3,0.03167408594959542,0.010471287181237162,0.02120279876835826
55,100,0,spatial_cluster,4,1.0,0.0559223481410908,0.9440776518589092
55,100,0,spatial_cluster,5,0.04482557037415236,0.00894594283938105,0.03587962753477131
55,100,0,targeted,0,0.031188512245458266,0.015392783848570771,0.015795728396887497
55,100,0,targeted,1,0.03907692461701351,0.009541571360972652,0.029535353256040855
55,100,0,targeted,2,0.10402098206959975,0.029882411546830124,0.07413857052276963
55,100,0,targeted,3,0.04269410011512709,0.012340394638113586,0.0303537054770135
55,100,0,targeted,4,0.018445397850685885,0.006955461434726067,0.011489936415959818
55,100,0,targeted,5,0.008671494450105954,0.004033624624279928,0.004637869825826027
55,100,1,independent,0,0.030715515974958807,0.014550612080455287,0.01616490389450352
55,100,1,independent,1,0.010548681437896112,0.00468187675931668,0.005866804678579433
55,100,1,independent,2,0.08197055256342867,0.027087843848842524,0.05488270871458614
55,100,1,independent,3,0.05731257351246244,0.028969069382129377,0.028343504130333062
55,100,1,independent,4,0.0347940971881211,0.017177099772525066,0.017616997415596032
55,100,1,independent,5,0.03365677111715126,0.00882728471233881,0.024829486404812452
55,100,1,spatial_cluster,0,1.0,0.03006249171867887,0.9699375082813211
55,100,1,spatial_cluster,1,0.0023547975801577747,0.0010002902468726805,0.0013545073332850942
55,100,1,spatial_cluster,2,1.0,0.05584857261419613,0.9441514273858038
55,100,1,spatial_cluster,3,0.1577531073219779,0.01258605254925268,0.1451670547727252
55,100,1,spatial_cluster,4,0.11131364323007631,0.03915463884480496,0.07215900438527134
55,100,1,spatial_cluster,5,0.07433790688239184,0.023822209828875503,0.05051569705351633
55,100,1,targeted,0,0.041193500277398765,0.018889576785370545,0.02230392349202822
55,100,1,targeted,1,0.060798086533763396,0.01682838920053254,0.043969697333230855
55,100,1,targeted,2,0.09582772087004254,0.039306419740021636,0.05652130113002091
55,100,1,targeted,3,0.06882041967337071,0.030881899425116658,0.03793852024825406
55,100,1,targeted,4,0.11433473477117662,0.03939763995021952,0.07493709482095709
55,100,1,targeted,5,0.04852859233443374,0.0282777442614466,0.02025084807298714
55,200,0,independent,0,0.015602308500580309,0.008289132285923095,0.007313176214657213
55,200,0,independent,1,0.042510736664962856,0.015839794165291382,0.026670942499671474
55,200,0,independent,2,0.012530071417216737,0.005356999669922708,0.007173071747294029
55,200,0,independent,3,0.016127977535177696,0.008317351695755312,0.007810625839422384
55,200,0,independent,4,0.01766162792516035,0.00866684325385169,0.00899478467130866
55,200,0,independent,5,0.05468733606309295,0.025317532617205714,0.029369803445887237
55,200,0,spatial_cluster,0,1.0,0.003255527655412163,0.9967444723445879
55,200,0,spatial_cluster,1,0.03935248596968832,0.01033949395375782,0.0290129920159305
55,200,0,spatial_cluster,2,0.0008024231976522245,0.00041360690699502873,0.00038881629065719574
55,200,0,spatial_cluster,3,0.010490290471866226,0.004372194285291946,0.00611809618657428
55,200,0,spatial_cluster,4,0.017942714569109453,0.0062556268465792,0.011687087722530253
55,200,0,spatial_cluster,5,0.02145029905998541,0.007729591900115621,0.01372070715986979
55,200,0,targeted,0,0.0557829974688121,0.028590218922763144,0.027192778546048957
55,200,0,targeted,1,0.004454577034970542,0.0029904515605626973,0.0014641254744078443
55,200,0,targeted,2,0.030173884397004858,0.01583738081091194,0.014336503586092918
55,200,0,targeted,3,0.02553964264981612,0.013134774766409313,0.012404867883406806
55,200,0,targeted,4,0.003196632027314461,0.0015270574456486125,0.0016695745816658486
55,200,0,targeted,5,0.0015669638406844433,0.0005065280055474113,0.001060435835137032
55,200,1,independent,0,0.013337296738788251,0.006662303783363638,0.006674992955424613
55,200,1,independent,1,0.007244851836459842,0.0038987354119516503,0.003346116424508192
55,200,1,independent,2,0.003652750618532097,0.001672356809080473,0.0019803938094516238
55,200,1,independent,3,0.0012414046689384062,0.0005881485685621957,0.0006532561003762104
55,200,1,independent,4,0.03357546110042542,0.017127549500909302,0.016447911599516116
55,200,1,independent,5,0.021317448140324657,0.010359314640633758,0.0109581334996909
55,200,1,spatial_cluster,0,1.0,0.001310112023861519,0.9986898879761384
55,200,1,spatial_cluster,1,0.018466481783166233,0.006937063898336021,0.011529417884830213
55,200,1,spatial_cluster,2,1.0,0.019298987452360708,0.9807010125476393
55,200,1,spatial_cluster,3,1.0,0.030731930271782254,0.9692680697282178
55,200,1,spatial_cluster,4,4.414625121018645e-08,2.8432478489606196e-08,1.5713772720580253e-08
55,200,1,spatial_cluster,5,0.003254477011537582,0.0009101408125682789,0.002344336198969303
55,200,1,targeted,0,0.024187183983712,0.009781873715971771,0.01440531026774023
55,200,1,targeted,1,0.06334648016807232,0.029512110397785323,0.03383436977028699
55,200,1,targeted,2,0.03350173441701376,0.01827749671252825,0.015224237704485513
55,200,1,targeted,3,0.023005867416591275,0.01159886747072786,0.011406999945863415
55,200,1,targeted,4,0.002215376142943537,0.0014932452731498049,0.0007221308697937321
55,200,1,targeted,5,0.027343401594636996,0.01354641366207143,0.013796987932565567
55,400,0,independent,0,0.005228605888948579,0.0024148494379474107,0.002813756451001168
55,400,0,independent,1,0.022302674939699285,0.00954741703744142,0.012755257902257865
55,400,0,independent,2,0.007087268235777211,0.0034798592948171686,0.0036074089409600424
55,400,0,independent,3,0.011805117581378144,0.006278664756857387,0.005526452824520757
55,400,0,independent,4,0.011070389297015426,0.005372140573430827,0.005698248723584599
55,400,0,independent,5,0.0039022788213208814,0.0018634828498761632,0.0020387959714447184
55,400,0,spatial_cluster,0,0.006357810486530835,0.004355063890885583,0.0020027465956452516
55,400,0,spatial_cluster,1,0.0078195430472221,0.0016682697856626888,0.006151273261559411
55,400,0,spatial_cluster,2,0.00621522729870061,0.0027191951816769996,0.00349603211702361
55,400,0,spatial_cluster,3,0.010289414864063096,0.0071534928798027125,0.003135921984260383
55,400,0,spatial_cluster,4,1.0,0.005458131747768589,0.9945418682522315
55,400,0,spatial_cluster,5,0.008661781986628259,0.006160140958675508,0.002501641027952751
55,400,0,targeted,0,0.004831517481977854,0.0023213040386165463,0.0025102134433613076
55,400,0,targeted,1,0.02807965710274285,0.013465844832243478,0.014613812270499371
55,400,0,targeted,2,0.014787989251274558,0.007484144970892424,0.0073038442803821345
55,400,0,targeted,3,0.003601583507653716,0.0017405672834980431,0.001861016224155673
55,400,0,targeted,4,0.0087612619809877,0.004392797362788638,0.004368464618199062
55,400,0,targeted,5,0.00013323880068205618,5.9558095259967755e-05,7.368070542208843e-05
55,400,1,independent,0,0.007469488377778166,0.003796617696970131,0.0036728706808080353
55,400,1,independent,1,0.00808832637488588,0.003780978435135413,0.004307347939750466
55,400,1,independent,2,0.01427029690480408,0.007549193237458065,0.006721103667346015
55,400,1,independent,3,0.017590908830784735,0.007363531443274065,0.01022737738751067
55,400,1,independent,4,0.013341109329074952,0.007352315634595363,0.0059887936944795885
55,400,1,independent,5,0.01855975062890869,0.009428140601550256,0.009131610027358433
55,400,1,spatial_cluster,0,1.0,0.004892561575944499,0.9951074384240555
55,400,1,spatial_cluster,1,0.0012339828632093042,0.0007740631953864789,0.0004599196678228253
55,400,1,spatial_cluster,2,0.005305672561343733,0.0019179721820597386,0.0033877003792839944
55,400,1,spatial_cluster,3,0.0033171534428224625,0.001127547587777101,0.0021896058550453616
55,400,1,spatial_cluster,4,0.01539366210460591,0.0080187780321691,0.00737488407243681
55,400,1,spatial_cluster,5,0.033098408078196306,0.013191076027240648,0.019907332050955656
55,400,1,targeted,0,0.02564684301147646,0.013209628706356202,0.01243721430512026
55,400,1,targeted,1,0.023036442530629753,0.011662583035189118,0.011373859495440635
55,400,1,targeted,2,0.03029667120231394,0.01474073763063201,0.01555593357168193
55,400,1,targeted,3,0.011809503482580364,0.005906083805445431,0.005903419677134932
55,400,1,targeted,4,0.0169267995183654,0.008140745487315014,0.008786054031050384
55,400,1,targeted,5,0.004578998300246329,0.0024643661136619648,0.002114632186584364
55,800,0,independent,0,0.008344758367465399,0.00413852611245184,0.004206232255013559
55,800,0,independent,1,0.009244305098429884,0.004386971594381074,0.00485733350404881
55,800,0,independent,2,0.00957708101674315,0.00501369930546456,0.00456338171127859
55,800,0,independent,3,0.003744153257213667,0.0016317447223887223,0.002112408534824945
55,800,0,independent,4,0.0026109033972255835,0.0014078410907529054,0.0012030623064726781
55,800,0,independent,5,0.008066466639378378,0.004004938156061651,0.004061528483316727
55,800,0,spatial_cluster,0,0.0035754860661566523,0.0018977679781314299,0.0016777180880252224
55,800,0,spatial_cluster,1,0.00016340978652273908,0.00012334434518506784,4.006544133767123e-05
55,800,0,spatial_cluster,2,0.007219460849274495,0.002578810973024859,0.0046406498762496355
55,800,0,spatial_cluster,3,0.012538859767375454,0.0062846655396675884,0.006254194227707866
55,800,0,spatial_cluster,4,0.0015009002237389435,0.00045830257423766713,0.0010425976495012763
55,800,0,spatial_cluster,5,1.0,0.001391511466872546,0.9986084885331274
55,800,0,targeted,0,0.009606209163285695,0.004787853463641175,0.00481835569964452
55,800,0,targeted,1,0.005563398990246826,0.002680010528842489,0.0028833884614043372
55,800,0,targeted,2,0.001806898713266114,0.0008595325780848285,0.0009473661351812856
55,800,0,targeted,3,0.008533224767068526,0.004491871551227259,0.004041353215841267
55,800,0,targeted,4,0.014964314361115894,0.007570996365879114,0.007393317995236779
55,800,0,targeted,5,0.008667441362696926,0.00447689503752699,0.004190546325169936
55,800,1,independent,0,0.007141895687883926,0.0036529238090461137,0.003488971878837812
55,800,1,independent,1,0.007629024277759577,0.003741760320737064,0.0038872639570225135
55,800,1,independent,2,0.010992207879882199,0.006214537051131395,0.004777670828750804
55,800,1,independent,3,0.01117490434813817,0.005962067702080069,0.005212836646058101
55,800,1,independent,4,0.002954644163078224,0.0014698306838201117,0.0014848134792581121
55,800,1,independent,5,9.48513205029089e-05,5.115789646369575e-05,4.369342403921315e-05
55,800,1,spatial_cluster,0,0.013426345655284222,0.006258600247608105,0.007167745407676117
55,800,1,spatial_cluster,1,1.0,0.0011853106303825473,0.9988146893696175
55,800,1,spatial_cluster,2,0.0028542490019717315,0.0012040950362228143,0.0016501539657489172
55,800,1,spatial_cluster,3,0.0009116610981478868,0.0004925673448557815,0.0004190937532921053
55,800,1,spatial_cluster,4,0.018117965390932467,0.008905935200382093,0.009212030190550374
55,800,1,spatial_cluster,5,0.0011355966137749363,0.000223491714280415,0.0009121048994945212
55,800,1,targeted,0,0.01821537115277927,0.01035986730699829,0.00785550384578098
55,800,1,targeted,1,0.005553130793288785,0.002087687841974069,0.0034654429513147162
55,800,1,targeted,2,0.011184130679193105,0.005549759588545356,0.005634371090647749
55,800,1,targeted,3,0.009696533799427698,0.0050215086020016265,0.004675025197426071
55,800,1,targeted,4,0.015719461050223038,0.008052993952959966,0.007666467097263072
55,800,1,targeted,5,0.001077425596520798,0.0005307975144320361,0.0005466280820887619
55,1200,0,independent,0,0.001313423664125124,0.000659989972250213,0.000653433691874911
55,1200,0,independent,1,0.005792630990229197,0.002953903059042014,0.0028387279311871834
55,1200,0,independent,2,0.0035721148681461257,0.0014208456380427775,0.002151269230103348
55,1200,0,independent,3,0.0010340384002979208,0.0005243336248315518,0.000509704775466369
55,1200,0,independent,4,0.0032682239764513232,0.0016640564783046447,0.0016041674981466785
55,1200,0,independent,5,0.00034982016213780387,0.00017288449007998893,0.00017693567205781494
55,1200,0,spatial_cluster,0,1.0,0.0042194374030333935,0.9957805625969666
55,1200,0,spatial_cluster,1,1.0,0.0020787408370420255,0.9979212591629579
55,1200,0,spatial_cluster,2,0.00101107917661869,0.0005724167205507167,0.00043866245606797325
55,1200,0,spatial_cluster,3,1.0,0.003176055514145873,0.9968239444858541
55,1200,0,spatial_cluster,4,1.0,0.002230244907240444,0.9977697550927596
55,1200,0,spatial_cluster,5,0.0012182801307245583,0.00037715929973214303,0.0008411208309924153
55,1200,0,targeted,0,0.004836293889077026,0.002434156553979989,0.002402137335097037
55,1200,0,targeted,1,0.0015496403938208836,0.000822068112878203,0.0007275722809426806
55,1200,0,targeted,2,0.0065616686533067625,0.003287207640638626,0.0032744610126681367
55,1200,0,targeted,3,0.007688371613380096,0.003934470180312919,0.003753901433067177
55,1200,0,targeted,4,0.002039624528598738,0.0010198586624497348,0.0010197658661490032
55,1200,0,targeted,5,0.0008088448627993072,0.0004056932170782253,0.00040315164572108194
55,1200,1,independent,0,0.004989486586313929,0.0025665765530417145,0.0024229100332722148
55,1200,1,independent,1,0.006442722858605587,0.003377412678950952,0.0030653101796546353
55,1200,1,independent,2,0.005264939777977595,0.0020990962785753246,0.0031658434994022706
55,1200,1,independent,3,0.002778093800971271,0.0013950334876387206,0.0013830603133325502
55,1200,1,independent,4,0.0024476678144904618,0.0012564698196653819,0.00119119799482508
55,1200,1,independent,5,0.0014905055623049002,0.000718981457802652,0.0007715241045022482
55,1200,1,spatial_cluster,0,0.00031593163561982607,0.00010584594615077928,0.0002100856894690468
55,1200,1,spatial_cluster,1,1.0,0.0035613007580446426,0.9964386992419554
55,1200,1,spatial_cluster,2,0.007865078562639627,0.0015654026604950205,0.006299675902144607
55,1200,1,spatial_cluster,3,0.005695921571557294,0.002279221684684556,0.003416699886872738
55,1200,1,spatial_cluster,4,1.0,0.00023841976465488013,0.9997615802353451
55,1200,1,spatial_cluster,5,0.006479267573531788,0.0023185195346391,0.004160748038892688
55,1200,1,targeted,0,0.003860898305206306,0.001958598191356557,0.001902300113849749
55,1200,1,targeted,1,0.003546056046800028,0.0018471935628001826,0.0016988624839998454
55,1200,1,targeted,2,0.0031913336914406454,0.0015644792187610662,0.0016268544726795791
55,1200,1,targeted,3,0.005018288143171179,0.0025228219201826997,0.0024954662229884792
55,1200,1,targeted,4,0.00732629434734855,0.003626564203757274,0.0036997301435912756
55,1200,1,targeted,5,0.011188911913303179,0.005649857521586961,0.005539054391716218
