test_country,seed,failure_mode,model,mae,areas,n
Japan,11,independent,direct_full,0.14430783302285516,2,16
Japan,11,independent,residual_full,0.09880833034165942,2,16
Japan,11,spatial_cluster,direct_full,0.11770683927561687,2,16
Japan,11,spatial_cluster,residual_full,0.08730210950698306,2,16
Japan,11,targeted,direct_full,0.19420693091870722,2,16
Japan,11,targeted,residual_full,0.11703796194688852,2,16
Japan,22,independent,direct_full,0.19885003023470693,2,16
Japan,22,independent,residual_full,0.10265874691928675,2,16
Japan,22,spatial_cluster,direct_full,0.2229843435323678,2,16
Japan,22,spatial_cluster,residual_full,0.072198465231701,2,16
Japan,22,targeted,direct_full,0.16375456565663365,2,16
Japan,22,targeted,residual_full,0.09941058421179798,2,16
Japan,33,independent,direct_full,0.15064968878147644,2,16
Japan,33,independent,residual_full,0.132139196044528,2,16
Japan,33,spatial_cluster,direct_full,0.06541306196518405,2,16
Japan,33,spatial_cluster,residual_full,0.6889068368189766,2,16
Japan,33,targeted,direct_full,0.12230185934295124,2,16
Japan,33,targeted,residual_full,0.09213923427323631,2,16
Japan,44,independent,direct_full,0.08446544391580321,2,16
Japan,44,independent,residual_full,0.25794022733799715,2,16
Japan,44,spatial_cluster,direct_full,0.05335128633001294,2,16
Japan,44,spatial_cluster,residual_full,0.5100468862832204,2,16
Japan,44,targeted,direct_full,0.18391145660840436,2,16
Japan,44,targeted,residual_full,0.08629560016728474,2,16
Japan,55,independent,direct_full,0.10825245182429032,2,16
Japan,55,independent,residual_full,0.12914157093103448,2,16
Japan,55,spatial_cluster,direct_full,0.07377707241972395,2,16
Japan,55,spatial_cluster,residual_full,0.4380938338028877,2,16
Japan,55,targeted,direct_full,0.11231979148076997,2,16
Japan,55,targeted,residual_full,0.015748647716025226,2,16
Malaysia,11,independent,direct_full,0.20113067651822802,2,16
Malaysia,11,independent,residual_full,0.19323910676598188,2,16
Malaysia,11,spatial_cluster,direct_full,0.08280396318873298,2,16
Malaysia,11,spatial_cluster,residual_full,0.06541021025618445,2,16
Malaysia,11,targeted,direct_full,0.26923028905707996,2,16
Malaysia,11,targeted,residual_full,0.22477297917771735,2,16
Malaysia,22,independent,direct_full,0.166095556899412,2,16
Malaysia,22,independent,residual_full,0.13899049230243118,2,16
Malaysia,22,spatial_cluster,direct_full,0.034114989855552405,2,16
Malaysia,22,spatial_cluster,residual_full,0.016865699489826642,2,16
Malaysia,22,targeted,direct_full,0.12819127165833166,2,16
Malaysia,22,targeted,residual_full,0.10153357111969641,2,16
Malaysia,33,independent,direct_full,0.24313919388869318,2,16
Malaysia,33,independent,residual_full,0.24564921626070058,2,16
Malaysia,33,spatial_cluster,direct_full,0.09623020421839765,2,16
Malaysia,33,spatial_cluster,residual_full,0.11734090978405882,2,16
Malaysia,33,targeted,direct_full,0.21853627807270026,2,16
Malaysia,33,targeted,residual_full,0.24727345428238845,2,16
Malaysia,44,independent,direct_full,0.11468653055889699,2,16
Malaysia,44,independent,residual_full,0.06648688298700545,2,16
Malaysia,44,spatial_cluster,direct_full,0.030269790755447095,2,16
Malaysia,44,spatial_cluster,residual_full,0.01623622126677268,2,16
Malaysia,44,targeted,direct_full,0.22496201479256756,2,16
Malaysia,44,targeted,residual_full,0.2376415162292183,2,16
Malaysia,55,independent,direct_full,0.1991772442606632,2,16
Malaysia,55,independent,residual_full,0.1750920033564214,2,16
Malaysia,55,spatial_cluster,direct_full,0.057353827149259684,2,16
Malaysia,55,spatial_cluster,residual_full,0.03354701397626364,2,16
Malaysia,55,targeted,direct_full,0.15145351798733736,2,16
Malaysia,55,targeted,residual_full,0.1147372895585074,2,16
Singapore,11,independent,direct_full,0.13696246728779274,1,8
Singapore,11,independent,residual_full,0.07189490035654503,1,8
Singapore,11,spatial_cluster,direct_full,0.057371489500856736,1,8
Singapore,11,spatial_cluster,residual_full,0.035779884813583206,1,8
Singapore,11,targeted,direct_full,0.31122615544227866,1,8
Singapore,11,targeted,residual_full,0.19488293381510283,1,8
Singapore,22,independent,direct_full,0.2108841577261759,1,8
Singapore,22,independent,residual_full,0.1694708728879763,1,8
Singapore,22,spatial_cluster,direct_full,0.15909339742163967,1,8
Singapore,22,spatial_cluster,residual_full,0.11160619438986132,1,8
Singapore,22,targeted,direct_full,0.1461271060908285,1,8
Singapore,22,targeted,residual_full,0.08113515137676865,1,8
Singapore,33,independent,direct_full,0.10258566937192794,1,8
Singapore,33,independent,residual_full,0.1676440124843967,1,8
Singapore,33,spatial_cluster,direct_full,0.13218307532475834,1,8
Singapore,33,spatial_cluster,residual_full,0.0804776040847743,1,8
Singapore,33,targeted,direct_full,0.19604327530135995,1,8
Singapore,33,targeted,residual_full,0.2593267075764168,1,8
Singapore,44,independent,direct_full,0.09099709201101124,1,8
Singapore,44,independent,residual_full,0.11692958656195464,1,8
Singapore,44,spatial_cluster,direct_full,0.04302125202288511,1,8
Singapore,44,spatial_cluster,residual_full,0.05780101718177681,1,8
Singapore,44,targeted,direct_full,0.16106470178845966,1,8
Singapore,44,targeted,residual_full,0.19136166077140415,1,8
Singapore,55,independent,direct_full,0.09033400260333246,1,8
Singapore,55,independent,residual_full,0.07420710448596901,1,8
Singapore,55,spatial_cluster,direct_full,0.08898847914476717,1,8
Singapore,55,spatial_cluster,residual_full,0.028605849840097085,1,8
Singapore,55,targeted,direct_full,0.09042327392440393,1,8
Singapore,55,targeted,residual_full,0.08070745233040409,1,8
Taiwan,11,independent,direct_full,0.08106692195139498,1,8
Taiwan,11,independent,residual_full,0.009275437724165139,1,8
Taiwan,11,spatial_cluster,direct_full,0.14067206519660888,1,8
Taiwan,11,spatial_cluster,residual_full,0.09129953721575317,1,8
Taiwan,11,targeted,direct_full,0.10701922755183331,1,8
Taiwan,11,targeted,residual_full,0.011546429566036367,1,8
Taiwan,22,independent,direct_full,0.07307959569419685,1,8
Taiwan,22,independent,residual_full,0.059644244963181645,1,8
Taiwan,22,spatial_cluster,direct_full,0.0675038130461382,1,8
Taiwan,22,spatial_cluster,residual_full,0.06851203399441712,1,8
Taiwan,22,targeted,direct_full,0.06375087974428977,1,8
Taiwan,22,targeted,residual_full,0.06448181522846068,1,8
Taiwan,33,independent,direct_full,0.14686521422012955,1,8
Taiwan,33,independent,residual_full,0.053820967207544125,1,8
Taiwan,33,spatial_cluster,direct_full,0.05548426818347201,1,8
Taiwan,33,spatial_cluster,residual_full,0.02963397355994804,1,8
Taiwan,33,targeted,direct_full,0.11325335846663594,1,8
Taiwan,33,targeted,residual_full,0.057442622440021004,1,8
Taiwan,44,independent,direct_full,0.08806678949185139,1,8
Taiwan,44,independent,residual_full,0.011629482444557778,1,8
Taiwan,44,spatial_cluster,direct_full,0.1167237450038368,1,8
Taiwan,44,spatial_cluster,residual_full,0.06638723714763795,1,8
Taiwan,44,targeted,direct_full,0.10331283142290926,1,8
Taiwan,44,targeted,residual_full,0.011655391915044238,1,8
Taiwan,55,independent,direct_full,0.018822916194401386,1,8
Taiwan,55,independent,residual_full,0.017139501047856824,1,8
Taiwan,55,spatial_cluster,direct_full,0.03438817985574577,1,8
Taiwan,55,spatial_cluster,residual_full,0.009260272455726304,1,8
Taiwan,55,targeted,direct_full,0.013700070407540826,1,8
Taiwan,55,targeted,residual_full,0.009009094409012514,1,8
Thailand,11,independent,direct_full,0.07639009774780017,2,16
Thailand,11,independent,residual_full,0.07892604627763967,2,16
Thailand,11,spatial_cluster,direct_full,0.0952344862809547,2,16
Thailand,11,spatial_cluster,residual_full,0.10863138875646075,2,16
Thailand,11,targeted,direct_full,0.3528210942753452,2,16
Thailand,11,targeted,residual_full,0.32296864531271635,2,16
Thailand,22,independent,direct_full,0.15445544650109497,2,16
Thailand,22,independent,residual_full,0.14378080060968185,2,16
Thailand,22,spatial_cluster,direct_full,0.03296757883145861,2,16
Thailand,22,spatial_cluster,residual_full,0.02408002407974948,2,16
Thailand,22,targeted,direct_full,0.1521896081600252,2,16
Thailand,22,targeted,residual_full,0.13122712071946893,2,16
Thailand,33,independent,direct_full,0.20126467475660678,2,16
Thailand,33,independent,residual_full,0.21327464117661654,2,16
Thailand,33,spatial_cluster,direct_full,0.02365260684988912,2,16
Thailand,33,spatial_cluster,residual_full,0.03824834033973036,2,16
Thailand,33,targeted,direct_full,0.11015865540164443,2,16
Thailand,33,targeted,residual_full,0.1004853621873531,2,16
Thailand,44,independent,direct_full,0.046460127374442696,2,16
Thailand,44,independent,residual_full,0.012747873235779262,2,16
Thailand,44,spatial_cluster,direct_full,0.06013340659428064,2,16
Thailand,44,spatial_cluster,residual_full,0.021615584315617102,2,16
Thailand,44,targeted,direct_full,0.20820665567667795,2,16
Thailand,44,targeted,residual_full,0.15443931003451256,2,16
Thailand,55,independent,direct_full,0.08114794633908959,2,16
Thailand,55,independent,residual_full,0.08853068465563217,2,16
Thailand,55,spatial_cluster,direct_full,0.009731133471358608,2,16
Thailand,55,spatial_cluster,residual_full,0.04735636898901222,2,16
Thailand,55,targeted,direct_full,0.14437693492027356,2,16
Thailand,55,targeted,residual_full,0.13116194552426014,2,16
Vietnam,11,independent,direct_full,0.12335573166316931,5,40
Vietnam,11,independent,residual_full,0.11580346866952855,5,40
Vietnam,11,spatial_cluster,direct_full,0.05642886000506264,5,40
Vietnam,11,spatial_cluster,residual_full,0.041323409062186386,5,40
Vietnam,11,targeted,direct_full,0.21532500846048733,5,40
Vietnam,11,targeted,residual_full,0.19171775187283951,5,40
Vietnam,22,independent,direct_full,0.46373096157041643,5,40
Vietnam,22,independent,residual_full,0.09383482052127445,5,40
Vietnam,22,spatial_cluster,direct_full,0.5316274306914522,5,40
Vietnam,22,spatial_cluster,residual_full,0.08472167745590908,5,40
Vietnam,22,targeted,direct_full,0.3268318303238329,5,40
Vietnam,22,targeted,residual_full,0.25180275636607186,5,40
Vietnam,33,independent,direct_full,0.14154973939282373,5,40
Vietnam,33,independent,residual_full,0.1246462423638248,5,40
Vietnam,33,spatial_cluster,direct_full,0.04874835658737318,5,40
Vietnam,33,spatial_cluster,residual_full,0.0335483094855477,5,40
Vietnam,33,targeted,direct_full,0.19530281511236738,5,40
Vietnam,33,targeted,residual_full,0.15855442004695983,5,40
Vietnam,44,independent,direct_full,0.10221683071511409,5,40
Vietnam,44,independent,residual_full,0.10386511715969646,5,40
Vietnam,44,spatial_cluster,direct_full,0.09707843768308536,5,40
Vietnam,44,spatial_cluster,residual_full,0.11627483406580734,5,40
Vietnam,44,targeted,direct_full,0.19733093315195968,5,40
Vietnam,44,targeted,residual_full,0.1979306580053603,5,40
Vietnam,55,independent,direct_full,0.14233940454956573,5,40
Vietnam,55,independent,residual_full,0.5450007413371477,5,40
Vietnam,55,spatial_cluster,direct_full,0.07963300658471988,5,40
Vietnam,55,spatial_cluster,residual_full,0.627691543670787,5,40
Vietnam,55,targeted,direct_full,0.1946249985083416,5,40
Vietnam,55,targeted,residual_full,0.41906200078720596,5,40
