domain,failure_mode,model,area,seed,slope,rho,correction_mae
osm,independent,residual_edge_mpnn,bangkok,11,0.8454749264313592,0.8526315789473683,0.09427793931268982
osm,independent,residual_edge_mpnn,bangkok,22,0.6401948677548109,0.6150375939849623,0.1264797572291546
osm,independent,residual_edge_mpnn,bangkok,33,0.8341691430785411,0.7999999999999999,0.08668234087160442
osm,independent,residual_edge_mpnn,bangkok,44,0.6899665289828807,0.6496240601503759,0.19621998266211424
osm,independent,residual_edge_mpnn,bangkok,55,0.0005325469349509132,0.3789473684210526,0.5543932673810705
osm,independent,residual_edge_mpnn,cantho,11,0.9173825020985009,0.9218045112781955,0.0691854998528698
osm,independent,residual_edge_mpnn,cantho,22,0.9651124960529628,0.8045112781954886,0.039433968228401055
osm,independent,residual_edge_mpnn,cantho,33,0.8200832989202764,0.7097744360902255,0.06797960759372099
osm,independent,residual_edge_mpnn,cantho,44,0.9897483115803202,0.9954887218045112,0.009560238691317802
osm,independent,residual_edge_mpnn,cantho,55,-0.011968253783495262,-0.6285714285714286,0.27170006018861553
osm,independent,residual_edge_mpnn,chiang_mai,11,0.919994357108689,0.7864661654135338,0.08800977910005522
osm,independent,residual_edge_mpnn,chiang_mai,22,0.8682174883065569,0.6586466165413534,0.06972049570975694
osm,independent,residual_edge_mpnn,chiang_mai,33,0.6455171625420814,0.7037593984962407,0.20429330783420072
osm,independent,residual_edge_mpnn,chiang_mai,44,0.989928235198246,0.9398496240601503,0.005127908884041042
osm,independent,residual_edge_mpnn,chiang_mai,55,0.0023341249496262556,0.4526315789473684,0.7060733636771434
osm,independent,residual_edge_mpnn,dalat,11,0.6464744167276629,0.3042168674698795,0.2817148698948024
osm,independent,residual_edge_mpnn,dalat,22,0.9909332845853114,0.9864661654135337,0.0524302344593842
osm,independent,residual_edge_mpnn,dalat,33,0.5077900873241659,0.07218045112781954,0.40427968489232463
osm,independent,residual_edge_mpnn,dalat,44,0.7930077992283013,0.6917293233082705,0.24721007443096865
osm,independent,residual_edge_mpnn,dalat,55,-0.021984288749139467,0.193984962406015,0.7949983786090514
osm,independent,residual_edge_mpnn,danang,11,0.7836432975026887,0.7563909774436091,0.09783417343347225
osm,independent,residual_edge_mpnn,danang,22,0.9354393068918845,0.9458646616541352,0.03501837631614325
osm,independent,residual_edge_mpnn,danang,33,0.5687339851596968,0.6992481203007518,0.270687300058917
osm,independent,residual_edge_mpnn,danang,44,0.7710240223217167,0.7864661654135338,0.11165340809483296
osm,independent,residual_edge_mpnn,danang,55,0.006129455543249019,-0.021052631578947364,0.4926193567645062
osm,independent,residual_edge_mpnn,george_town,11,1.0004638645434876,0.918796992481203,0.006676912221361253
osm,independent,residual_edge_mpnn,george_town,22,0.873316865868895,0.9548872180451128,0.062562394712007
osm,independent,residual_edge_mpnn,george_town,33,0.49185946955829973,0.7082706766917292,0.19183516402518683
osm,independent,residual_edge_mpnn,george_town,44,0.8988029043222101,0.8857142857142858,0.04879669107714254
osm,independent,residual_edge_mpnn,george_town,55,-0.00011542880340013999,-0.09624060150375939,0.35626361289486774
osm,independent,residual_edge_mpnn,hcmus,11,0.8403438738861324,0.8992481203007519,0.09899573370597918
osm,independent,residual_edge_mpnn,hcmus,22,0.8554413817377684,0.9308270676691727,0.11699924676205882
osm,independent,residual_edge_mpnn,hcmus,33,0.7090477351022784,0.7699248120300751,0.21594465700554144
osm,independent,residual_edge_mpnn,hcmus,44,0.9385791662172464,0.9172932330827066,0.09777221655435966
osm,independent,residual_edge_mpnn,hcmus,55,-0.007862409323991492,0.04360902255639097,0.5123594055608035
osm,independent,residual_edge_mpnn,kuala_lumpur,11,0.6038801974500473,0.5624060150375939,0.09969167384816328
osm,independent,residual_edge_mpnn,kuala_lumpur,22,0.6805276679289013,0.8165413533834586,0.12718091276633
osm,independent,residual_edge_mpnn,kuala_lumpur,33,0.4673626174313417,0.47368421052631576,0.1481411491363976
osm,independent,residual_edge_mpnn,kuala_lumpur,44,0.638290118566493,0.5969924812030075,0.16366574300186715
osm,independent,residual_edge_mpnn,kuala_lumpur,55,-0.004493876341043152,-0.2706766917293233,0.4161547517451944
osm,independent,residual_edge_mpnn,kyoto,11,0.49255897019310557,0.362406015037594,0.06138508382320355
osm,independent,residual_edge_mpnn,kyoto,22,0.9520977386191821,0.7203007518796991,0.03624636275469888
osm,independent,residual_edge_mpnn,kyoto,33,0.04357194313699296,0.6947368421052631,0.10868742040416979
osm,independent,residual_edge_mpnn,kyoto,44,0.9867649316357502,0.46917293233082696,0.014703336992103508
osm,independent,residual_edge_mpnn,kyoto,55,0.0018491184797718378,-0.38646616541353385,0.25626500253862894
osm,independent,residual_edge_mpnn,singapore,11,1.002360454059184,0.8075187969924811,0.01081964174629475
osm,independent,residual_edge_mpnn,singapore,22,0.5695514656966364,0.6962406015037594,0.14201408750814085
osm,independent,residual_edge_mpnn,singapore,33,0.859613540971803,0.7789473684210525,0.0587272486478411
osm,independent,residual_edge_mpnn,singapore,44,0.8246199157400588,0.6120300751879698,0.05780364512528556
osm,independent,residual_edge_mpnn,singapore,55,0.0015587171356015153,-0.3142857142857143,0.25926314251590543
osm,independent,residual_edge_mpnn,taipei,11,0.9995002860975973,0.8962406015037594,0.00624564255485429
osm,independent,residual_edge_mpnn,taipei,22,0.7049186056621108,0.7443609022556391,0.09564123045255733
osm,independent,residual_edge_mpnn,taipei,33,0.5814247768368983,0.8075187969924811,0.10793482395762415
osm,independent,residual_edge_mpnn,taipei,44,0.9836941937600769,0.5082706766917292,0.01799985423240918
osm,independent,residual_edge_mpnn,taipei,55,-0.0030117113137898034,-0.825563909774436,0.15440972305549308
osm,independent,residual_edge_mpnn,tokyo,11,0.3459190410906081,0.8075187969924811,0.10075614899493564
osm,independent,residual_edge_mpnn,tokyo,22,0.9506639177468386,0.7218045112781954,0.033807923987079755
osm,independent,residual_edge_mpnn,tokyo,33,0.9183744296747831,0.7533834586466165,0.048605563846270586
osm,independent,residual_edge_mpnn,tokyo,44,0.7008570012725661,0.35939849624060144,0.11057363724460442
osm,independent,residual_edge_mpnn,tokyo,55,-0.0023083049215015332,-0.8225563909774435,0.25296856942919455
osm,independent,residual_edge_mpnn,viasm,11,0.48692531355521973,0.5503759398496241,0.12558225686823135
osm,independent,residual_edge_mpnn,viasm,22,0.9200014354994379,0.6616541353383457,0.06201294709046653
osm,independent,residual_edge_mpnn,viasm,33,0.7303065099163011,0.8360902255639097,0.09975403765546201
osm,independent,residual_edge_mpnn,viasm,44,0.9985514819039786,0.8646616541353382,0.03603723555627498
osm,independent,residual_edge_mpnn,viasm,55,-0.023231091178809088,-0.42105263157894735,0.3237200913176198
osm,independent,residual_full,bangkok,11,0.7823547679786526,0.7278195488721804,0.11763300563661525
osm,independent,residual_full,bangkok,22,0.75753263225099,0.31729323308270674,0.09616959420428199
osm,independent,residual_full,bangkok,33,0.9152779530118382,0.7488721804511278,0.052813588458982916
osm,independent,residual_full,bangkok,44,0.6985251943596138,0.6842105263157895,0.2030983122169348
osm,independent,residual_full,bangkok,55,0.8259020335045613,0.7007518796992479,0.1043207801236496
osm,independent,residual_full,cantho,11,0.9596066995529798,0.9157894736842105,0.02974640683506588
osm,independent,residual_full,cantho,22,1.0165343346824425,0.5067669172932331,0.026923357443768253
osm,independent,residual_full,cantho,33,1.012188139120881,0.8451127819548873,0.017636632387690105
osm,independent,residual_full,cantho,44,1.0160221896751553,0.9864661654135337,0.013207600844057027
osm,independent,residual_full,cantho,55,1.0140246816855614,0.7308270676691728,0.03448743517788502
osm,independent,residual_full,chiang_mai,11,0.9107785810867896,0.7924812030075187,0.10958065025770192
osm,independent,residual_full,chiang_mai,22,0.9259775815669912,0.863157894736842,0.051118781758864765
osm,independent,residual_full,chiang_mai,33,0.9227809622457103,0.7849624060150376,0.052798184766538234
osm,independent,residual_full,chiang_mai,44,1.0125977635120695,0.8781954887218045,0.00507556936403485
osm,independent,residual_full,chiang_mai,55,0.8735634784581952,0.8646616541353382,0.10570851291298049
osm,independent,residual_full,dalat,11,0.6701780340787651,0.42168674698795183,0.32020596065443735
osm,independent,residual_full,dalat,22,1.0730753537028919,0.9819548872180449,0.0976866621056422
osm,independent,residual_full,dalat,33,0.7759820750110588,0.43458646616541347,0.29608705350457276
osm,independent,residual_full,dalat,44,0.7970148344129083,0.7172932330827068,0.24869803368501803
osm,independent,residual_full,dalat,55,0.8646353740999514,0.7744360902255639,0.2261036003152494
osm,independent,residual_full,danang,11,0.9657263794654504,0.8992481203007519,0.0448922218752374
osm,independent,residual_full,danang,22,1.0299832330898513,0.8105263157894737,0.016399175050248994
osm,independent,residual_full,danang,33,1.0209171748877335,0.9789473684210527,0.006254278929239623
osm,independent,residual_full,danang,44,0.8297614149570481,0.8481203007518796,0.11109337860605076
osm,independent,residual_full,danang,55,0.8228780313855575,0.9654135338345864,0.10611478881086293
osm,independent,residual_full,george_town,11,0.9984405467268663,0.4992481203007519,0.015930287340532166
osm,independent,residual_full,george_town,22,0.9110355829396023,0.6360902255639098,0.056391913944968605
osm,independent,residual_full,george_town,33,0.5785331421198417,0.048120300751879695,0.15711867387616701
osm,independent,residual_full,george_town,44,0.9027674192629667,0.593984962406015,0.05344962861171402
osm,independent,residual_full,george_town,55,0.8643566482434276,0.4300751879699248,0.05608238436706856
osm,independent,residual_full,hcmus,11,0.8467542774562387,0.8947368421052632,0.09861966136157965
osm,independent,residual_full,hcmus,22,0.9862614232690216,0.882706766917293,0.12955581870112642
osm,independent,residual_full,hcmus,33,0.8928200085644076,0.8812030075187969,0.17847349371213833
osm,independent,residual_full,hcmus,44,0.9347738971464843,0.9669172932330825,0.10936341089779204
osm,independent,residual_full,hcmus,55,0.9020905809114004,0.875187969924812,0.05626631387584258
osm,independent,residual_full,kuala_lumpur,11,0.7163040338529247,0.6360902255639098,0.07614022656803629
osm,independent,residual_full,kuala_lumpur,22,0.7299901718669933,0.4496240601503759,0.11163872333880157
osm,independent,residual_full,kuala_lumpur,33,0.6077418216883189,0.04661654135338346,0.11007599580737612
osm,independent,residual_full,kuala_lumpur,44,0.6746289376238574,0.3157894736842105,0.15761847029151926
osm,independent,residual_full,kuala_lumpur,55,0.5179240662900847,0.4977443609022556,0.2121012283769923
osm,independent,residual_full,kyoto,11,0.4934887315380344,0.07368421052631578,0.0597967358742129
osm,independent,residual_full,kyoto,22,0.7520168385603724,0.7819548872180451,0.19622620055896323
osm,independent,residual_full,kyoto,33,-0.006239422952462096,-0.8090225563909773,0.06509403104461513
osm,independent,residual_full,kyoto,44,1.0074763810862828,-0.40451127819548865,0.012444505484320093
osm,independent,residual_full,kyoto,55,0.807483452352302,0.03308270676691729,0.055820473833654106
osm,independent,residual_full,singapore,11,0.9499460180236174,0.5969924812030075,0.04357873081343085
osm,independent,residual_full,singapore,22,0.6302327055160056,0.3037593984962406,0.106315145347335
osm,independent,residual_full,singapore,33,1.0130726129445018,-0.16541353383458643,0.011797919886527142
osm,independent,residual_full,singapore,44,0.8433384661337867,0.306766917293233,0.05846788646329674
osm,independent,residual_full,singapore,55,0.808877843391013,0.08721804511278194,0.05803063814854274
osm,independent,residual_full,taipei,11,0.9333602977182467,0.8300751879699247,0.048701911265898776
osm,independent,residual_full,taipei,22,0.7405139436743211,-0.11278195488721804,0.06833279921527183
osm,independent,residual_full,taipei,33,0.7000577643776907,-0.19097744360902258,0.05254830014949822
osm,independent,residual_full,taipei,44,1.0154493887120462,-0.3278195488721804,0.015151216073395531
osm,independent,residual_full,taipei,55,1.0050301176547272,-0.1413533834586466,0.004307962979134154
osm,independent,residual_full,tokyo,11,0.3989128553739948,0.7203007518796991,0.18123251129425572
osm,independent,residual_full,tokyo,22,1.0086633813978,0.2646616541353383,0.006505788986067828
osm,independent,residual_full,tokyo,33,1.0064933467207657,0.025563909774436087,0.0053872920751170785
osm,independent,residual_full,tokyo,44,0.7211038389975957,0.18496240601503755,0.10599995389451275
osm,independent,residual_full,tokyo,55,1.0038222387750777,0.20150375939849624,0.00296856942919455
osm,independent,residual_full,viasm,11,0.5249752631314757,0.5894736842105263,0.12176762856995396
osm,independent,residual_full,viasm,22,1.0185997260942874,0.5744360902255639,0.03918182875626923
osm,independent,residual_full,viasm,33,0.8580982620277646,0.724812030075188,0.06784457257788705
osm,independent,residual_full,viasm,44,1.022823050935389,0.813533834586466,0.034991623400132496
osm,independent,residual_full,viasm,55,1.0021531304185898,0.7007518796992479,0.017631051750106815
osm,independent,residual_sage,bangkok,11,0.821841360165117,0.831578947368421,0.10305380335742535
osm,independent,residual_sage,bangkok,22,0.6775177394931758,0.38345864661654133,0.10023975322896875
osm,independent,residual_sage,bangkok,33,0.9147945141164785,0.7503759398496239,0.052594506557969066
osm,independent,residual_sage,bangkok,44,0.6993376570966116,0.7037593984962407,0.18538113319209493
osm,independent,residual_sage,bangkok,55,0.8228669605151533,0.7533834586466165,0.10254899937992028
osm,independent,residual_sage,cantho,11,0.9610031549100715,0.7729323308270677,0.05642240724127029
osm,independent,residual_sage,cantho,22,0.9978783394448568,0.6451127819548872,0.020825644559892352
osm,independent,residual_sage,cantho,33,1.0044656205675146,0.8857142857142858,0.015046125607479432
osm,independent,residual_sage,cantho,44,0.9708095629955796,0.9218045112781955,0.02106638104408437
osm,independent,residual_sage,cantho,55,1.0061153757518493,0.7293233082706766,0.035843653892093
osm,independent,residual_sage,chiang_mai,11,0.9172011938973794,0.7293233082706766,0.10446835492822563
osm,independent,residual_sage,chiang_mai,22,0.9259331157858627,0.863157894736842,0.051103188846187086
osm,independent,residual_sage,chiang_mai,33,0.922780892052582,0.7849624060150376,0.05279822648978958
osm,independent,residual_sage,chiang_mai,44,0.9792160586947577,0.7458646616541353,0.011376907246612075
osm,independent,residual_sage,chiang_mai,55,0.87112521667728,0.882706766917293,0.10462622374355443
osm,independent,residual_sage,dalat,11,0.6699127871522884,0.3057228915662651,0.32781230737340433
osm,independent,residual_sage,dalat,22,1.0574480480424084,0.9819548872180449,0.08151282309534394
osm,independent,residual_sage,dalat,33,0.7532451119281156,0.43458646616541347,0.31034471780288025
osm,independent,residual_sage,dalat,44,0.7348225198912516,0.6451127819548872,0.24283348076388517
osm,independent,residual_sage,dalat,55,0.8602636571996296,0.7593984962406014,0.2246395351347572
osm,independent,residual_sage,danang,11,0.9636283833028566,0.9172932330827066,0.04789073543244806
osm,independent,residual_sage,danang,22,1.0158163983372204,0.9428571428571428,0.009491242050892941
osm,independent,residual_sage,danang,33,1.0111079378388954,0.9894736842105262,0.005109596711334656
osm,independent,residual_sage,danang,44,0.814403314732624,0.8481203007518796,0.10104326208568444
osm,independent,residual_sage,danang,55,0.815189085011912,0.9654135338345864,0.10200579481718126
osm,independent,residual_sage,george_town,11,0.953280355472272,0.5428571428571428,0.045392839293684886
osm,independent,residual_sage,george_town,22,0.9094371209310254,0.825563909774436,0.05508850941026736
osm,independent,residual_sage,george_town,33,0.5787889371279308,0.43909774436090226,0.15580693960982075
osm,independent,residual_sage,george_town,44,0.8466829872765772,0.8390977443609022,0.075082002004921
osm,independent,residual_sage,george_town,55,0.8617682818448219,0.5413533834586466,0.05458541025424955
osm,independent,residual_sage,hcmus,11,0.827215705429541,0.8812030075187969,0.0991350092121778
osm,independent,residual_sage,hcmus,22,0.9357754055297505,0.8902255639097743,0.1367766698414083
osm,independent,residual_sage,hcmus,33,0.8913862742432079,0.882706766917293,0.1759223743938477
osm,independent,residual_sage,hcmus,44,0.9059458821465635,0.9308270676691727,0.09751437151767421
osm,independent,residual_sage,hcmus,55,0.8957455001667877,0.8842105263157894,0.05580078806104485
osm,independent,residual_sage,kuala_lumpur,11,0.6416558616510909,0.5909774436090225,0.1160802166873782
osm,independent,residual_sage,kuala_lumpur,22,0.7304852508540625,0.6345864661654135,0.10731838215218922
osm,independent,residual_sage,kuala_lumpur,33,0.6065419275082367,0.4586466165413533,0.10616617193671
osm,independent,residual_sage,kuala_lumpur,44,0.6525128546161458,0.6796992481203006,0.16078857270373842
osm,independent,residual_sage,kuala_lumpur,55,0.5171944711341345,0.8481203007518796,0.20863921219229878
osm,independent,residual_sage,kyoto,11,0.4399565523228408,0.007518796992481202,0.10433223083110674
osm,independent,residual_sage,kyoto,22,1.0066749044205814,0.35037593984962395,0.005619173725348902
osm,independent,residual_sage,kyoto,33,0.00031861841816789533,-0.8691729323308269,0.058950761444281685
osm,independent,residual_sage,kyoto,44,0.9370245471618244,0.6360902255639098,0.05639765209750095
osm,independent,residual_sage,kyoto,55,0.8056201297256685,0.6360902255639098,0.05303295670025243
osm,independent,residual_sage,singapore,11,0.9294235176009603,0.3639097744360902,0.06098029556827646
osm,independent,residual_sage,singapore,22,0.6193543709687435,0.6511278195488721,0.09977507501203725
osm,independent,residual_sage,singapore,33,1.0120564190992627,-0.11578947368421053,0.010845878225160338
osm,independent,residual_sage,singapore,44,0.7753681589893309,0.6646616541353383,0.10303106821030908
osm,independent,residual_sage,singapore,55,0.8062026097765699,0.5353383458646617,0.05507866828856841
osm,independent,residual_sage,taipei,11,0.9776875114914817,0.6857142857142857,0.020313826253652648
osm,independent,residual_sage,taipei,22,0.7453826828018456,0.2902255639097744,0.06172523227257818
osm,independent,residual_sage,taipei,33,0.6705250684446258,-0.4270676691729323,0.056704392517564525
osm,independent,residual_sage,taipei,44,0.9445082667877247,0.3203007518796992,0.04752384097254888
osm,independent,residual_sage,taipei,55,1.002648726957249,0.4872180451127819,0.00231817002479844
osm,independent,residual_sage,tokyo,11,0.4831235485055211,0.6857142857142857,0.1330116325063627
osm,independent,residual_sage,tokyo,22,1.006738607200374,0.4015037593984962,0.00506340836403854
osm,independent,residual_sage,tokyo,33,0.9998123177308429,0.8466165413533834,0.0029662542476874684
osm,independent,residual_sage,tokyo,44,0.6851623855730369,0.7052631578947368,0.1267252004345785
osm,independent,residual_sage,tokyo,55,1.0025754105197038,0.5323308270676691,0.002627134956134597
osm,independent,residual_sage,viasm,11,0.5681780257998047,0.544360902255639,0.1385377455627859
osm,independent,residual_sage,viasm,22,1.0073606976643283,0.7428571428571428,0.02714200529287279
osm,independent,residual_sage,viasm,33,0.8513116257192914,0.8285714285714285,0.0648944108819145
osm,independent,residual_sage,viasm,44,0.9805171267111333,0.8736842105263156,0.04188617809424632
osm,independent,residual_sage,viasm,55,0.9927063373126149,0.7157894736842104,0.020278839893912187
osm,spatial_cluster,residual_edge_mpnn,bangkok,11,0.8665872076965132,0.7353383458646616,0.03623471782659083
osm,spatial_cluster,residual_edge_mpnn,bangkok,22,0.8157815575121642,0.6015037593984961,0.07948660932768895
osm,spatial_cluster,residual_edge_mpnn,bangkok,33,0.4958765784045334,0.6977443609022556,0.2418398283304854
osm,spatial_cluster,residual_edge_mpnn,bangkok,44,0.9529113092152763,0.8766917293233082,0.023466226065489027
osm,spatial_cluster,residual_edge_mpnn,bangkok,55,-0.002422789970603608,0.33684210526315783,0.8012635877716561
osm,spatial_cluster,residual_edge_mpnn,cantho,11,0.9192921285388486,0.8736842105263156,0.03160711299523045
osm,spatial_cluster,residual_edge_mpnn,cantho,22,0.8887768095731452,0.9218045112781955,0.07077773424291806
osm,spatial_cluster,residual_edge_mpnn,cantho,33,0.6787646938830048,0.8812030075187969,0.1505240755974019
osm,spatial_cluster,residual_edge_mpnn,cantho,44,0.8049978579844147,0.8421052631578947,0.09449309568108147
osm,spatial_cluster,residual_edge_mpnn,cantho,55,-0.01882605877887844,-0.024060150375939848,0.6691285544533726
osm,spatial_cluster,residual_edge_mpnn,chiang_mai,11,0.8856871091323887,0.7593984962406014,0.03937331076576302
osm,spatial_cluster,residual_edge_mpnn,chiang_mai,22,0.8746090305703237,0.6165413533834586,0.0275977404955288
osm,spatial_cluster,residual_edge_mpnn,chiang_mai,33,0.8494773168878171,0.8436090225563909,0.07679564279948933
osm,spatial_cluster,residual_edge_mpnn,chiang_mai,44,0.8718629907087433,0.7714285714285714,0.06423328291425968
osm,spatial_cluster,residual_edge_mpnn,chiang_mai,55,-0.0017518961609610149,0.6360902255639098,0.851651584372617
osm,spatial_cluster,residual_edge_mpnn,dalat,11,0.8937714660025896,0.7127819548872181,0.22752167335477233
osm,spatial_cluster,residual_edge_mpnn,dalat,22,0.7128386319557505,0.5120481927710844,0.17380964173922736
osm,spatial_cluster,residual_edge_mpnn,dalat,33,0.5703981560702237,0.04210526315789473,0.2707712560971681
osm,spatial_cluster,residual_edge_mpnn,dalat,44,0.8858219682777075,0.6734386756960119,0.14662083249687952
osm,spatial_cluster,residual_edge_mpnn,dalat,55,-0.04153034571215731,0.13684210526315788,0.687933044901172
osm,spatial_cluster,residual_edge_mpnn,danang,11,0.5934584946822169,0.7624060150375939,0.11574725897214902
osm,spatial_cluster,residual_edge_mpnn,danang,22,0.8483269857804746,0.9954887218045112,0.045189979594329556
osm,spatial_cluster,residual_edge_mpnn,danang,33,0.5539675251891529,0.6887218045112782,0.19906009231904948
osm,spatial_cluster,residual_edge_mpnn,danang,44,0.9734217675408874,0.9729323308270676,0.0126642689801234
osm,spatial_cluster,residual_edge_mpnn,danang,55,-0.0222850134965918,-0.30474040632054167,0.5298954209524539
osm,spatial_cluster,residual_edge_mpnn,george_town,11,0.7850921134895983,0.5142857142857143,0.12308452333205348
osm,spatial_cluster,residual_edge_mpnn,george_town,22,0.9103381194679774,0.7969924812030074,0.046711533144274994
osm,spatial_cluster,residual_edge_mpnn,george_town,33,0.558486693393359,0.7654135338345864,0.20728423491163772
osm,spatial_cluster,residual_edge_mpnn,george_town,44,0.8946327501247536,0.9021820917983444,0.06505813426855081
osm,spatial_cluster,residual_edge_mpnn,george_town,55,0.0003850295811049715,-0.24962406015037594,0.5530425548818758
osm,spatial_cluster,residual_edge_mpnn,hcmus,11,0.8438885265129744,0.8179082016553799,0.11179446477596404
osm,spatial_cluster,residual_edge_mpnn,hcmus,22,0.9978937551000125,0.9909774436090225,0.02876032787765413
osm,spatial_cluster,residual_edge_mpnn,hcmus,33,0.7389862018670315,0.8030075187969924,0.15542636411487615
osm,spatial_cluster,residual_edge_mpnn,hcmus,44,1.0018479634284119,0.9774436090225563,0.057986807382716464
osm,spatial_cluster,residual_edge_mpnn,hcmus,55,-0.021911519897704262,-0.2706766917293233,0.6443784669750849
osm,spatial_cluster,residual_edge_mpnn,kuala_lumpur,11,0.8507309117512143,0.6270676691729322,0.053349834914585434
osm,spatial_cluster,residual_edge_mpnn,kuala_lumpur,22,0.7812512003056257,0.8090225563909773,0.10524414394398236
osm,spatial_cluster,residual_edge_mpnn,kuala_lumpur,33,0.5089535166602481,0.7458646616541353,0.2410149898427573
osm,spatial_cluster,residual_edge_mpnn,kuala_lumpur,44,0.8895752834185001,0.863157894736842,0.07012788587738146
osm,spatial_cluster,residual_edge_mpnn,kuala_lumpur,55,-0.0011721672567504644,-0.41353383458646614,0.4529384641896138
osm,spatial_cluster,residual_edge_mpnn,kyoto,11,0.8497438522591155,0.8586466165413533,0.08860226713304108
osm,spatial_cluster,residual_edge_mpnn,kyoto,22,0.9012152522558292,0.831578947368421,0.04493591664024051
osm,spatial_cluster,residual_edge_mpnn,kyoto,33,0.5818952133647998,0.8932330827067668,0.1956927087506172
osm,spatial_cluster,residual_edge_mpnn,kyoto,44,0.9522765509921891,0.8210526315789473,0.03221692667658956
osm,spatial_cluster,residual_edge_mpnn,kyoto,55,-0.0027313119814911736,-0.4285714285714286,0.40370396401059294
osm,spatial_cluster,residual_edge_mpnn,singapore,11,0.8806765291157499,0.825563909774436,0.03335183537325832
osm,spatial_cluster,residual_edge_mpnn,singapore,22,0.8774313820379095,0.7473684210526315,0.040004814853223644
osm,spatial_cluster,residual_edge_mpnn,singapore,33,0.606706984861015,0.6812030075187969,0.20682767439742
osm,spatial_cluster,residual_edge_mpnn,singapore,44,0.9367164344856203,0.9909774436090225,0.01550535712738405
osm,spatial_cluster,residual_edge_mpnn,singapore,55,-0.001282407895208758,-0.4812030075187969,0.3579536325126041
osm,spatial_cluster,residual_edge_mpnn,taipei,11,0.8539189986282033,0.9293233082706768,0.07886465037861816
osm,spatial_cluster,residual_edge_mpnn,taipei,22,0.762425365030276,0.7398496240601502,0.11908671710546474
osm,spatial_cluster,residual_edge_mpnn,taipei,33,0.4399948526164902,0.8436090225563909,0.24302085662446835
osm,spatial_cluster,residual_edge_mpnn,taipei,44,0.8417443737510533,0.9669172932330825,0.07863812606961998
osm,spatial_cluster,residual_edge_mpnn,taipei,55,2.416913987205948e-05,-0.43909774436090226,0.3540656147986315
osm,spatial_cluster,residual_edge_mpnn,tokyo,11,0.946241814971807,0.8105263157894737,0.02620201475230254
osm,spatial_cluster,residual_edge_mpnn,tokyo,22,0.8465230381125552,0.7293233082706766,0.0763676179409031
osm,spatial_cluster,residual_edge_mpnn,tokyo,33,0.545654726517922,0.6120300751879698,0.24063426627657175
osm,spatial_cluster,residual_edge_mpnn,tokyo,44,0.9425093489263903,0.875187969924812,0.031181106163066102
osm,spatial_cluster,residual_edge_mpnn,tokyo,55,0.0012135720375667644,0.14736842105263157,0.45915007570555827
osm,spatial_cluster,residual_edge_mpnn,viasm,11,0.9289764257499732,0.9097744360902256,0.06090234857522923
osm,spatial_cluster,residual_edge_mpnn,viasm,22,0.8482937591362016,0.8526315789473683,0.073460276160811
osm,spatial_cluster,residual_edge_mpnn,viasm,33,0.5387708296917129,0.7428571428571428,0.25824092000694454
osm,spatial_cluster,residual_edge_mpnn,viasm,44,0.9398480841513507,0.956390977443609,0.050506769174511155
osm,spatial_cluster,residual_edge_mpnn,viasm,55,0.00418569213371534,0.5894736842105263,0.7991224789823396
osm,spatial_cluster,residual_full,bangkok,11,0.9346058363151137,0.6466165413533834,0.02320920402300447
osm,spatial_cluster,residual_full,bangkok,22,0.9836528548043587,0.9278195488721804,0.015024772767826794
osm,spatial_cluster,residual_full,bangkok,33,0.7943359895182145,0.5864661654135337,0.10043727738091508
osm,spatial_cluster,residual_full,bangkok,44,1.0063134174869273,0.7834586466165413,0.003175611628261808
osm,spatial_cluster,residual_full,bangkok,55,0.9781597203571064,0.993984962406015,0.0054840557317380155
osm,spatial_cluster,residual_full,cantho,11,0.9784860546170314,0.7774436090225564,0.023914111694818434
osm,spatial_cluster,residual_full,cantho,22,1.0262314241748594,0.7112781954887217,0.017233030212942695
osm,spatial_cluster,residual_full,cantho,33,1.0426056159668666,0.9398496240601503,0.04472544192086355
osm,spatial_cluster,residual_full,cantho,44,0.8703497431235616,0.900751879699248,0.12462484730185996
osm,spatial_cluster,residual_full,cantho,55,0.9501044021991623,0.9609022556390976,0.059357614181201945
osm,spatial_cluster,residual_full,chiang_mai,11,0.9526720811898434,0.6827067669172932,0.04183691975795735
osm,spatial_cluster,residual_full,chiang_mai,22,0.8889150325209884,0.9954887218045112,0.022677980594388462
osm,spatial_cluster,residual_full,chiang_mai,33,1.003149212441753,0.6887218045112782,0.0017587678741885608
osm,spatial_cluster,residual_full,chiang_mai,44,0.8638869427736329,0.8030075187969924,0.09991582033606065
osm,spatial_cluster,residual_full,chiang_mai,55,0.9398632660770275,0.7142857142857143,0.060585164294339335
osm,spatial_cluster,residual_full,dalat,11,0.9184283094249626,0.7037593984962407,0.22998294713672757
osm,spatial_cluster,residual_full,dalat,22,0.8486542540833985,0.5948795180722891,0.2066226218587893
osm,spatial_cluster,residual_full,dalat,33,0.7595251669104442,0.29473684210526313,0.19758714265840308
osm,spatial_cluster,residual_full,dalat,44,0.9314203101915651,0.7727614747930774,0.15092174743345438
osm,spatial_cluster,residual_full,dalat,55,0.8843592975638359,0.7894736842105263,0.08262668188133845
osm,spatial_cluster,residual_full,danang,11,0.8602975181581175,0.7518796992481201,0.13441826536156642
osm,spatial_cluster,residual_full,danang,22,1.0581792665858907,0.9894736842105262,0.01730836899657705
osm,spatial_cluster,residual_full,danang,33,1.0367372667518353,0.9293233082706768,0.014716609752373771
osm,spatial_cluster,residual_full,danang,44,1.020409155672988,0.9413533834586465,0.008041964253773334
osm,spatial_cluster,residual_full,danang,55,1.0376062498367256,0.9232505643340858,0.019092117391045278
osm,spatial_cluster,residual_full,george_town,11,0.7577976974310406,0.5338345864661653,0.1302360356905832
osm,spatial_cluster,residual_full,george_town,22,1.0257052481661268,0.8766917293233082,0.015357209454280749
osm,spatial_cluster,residual_full,george_town,33,1.0014421659803947,0.6902255639097743,0.0007957692439980691
osm,spatial_cluster,residual_full,george_town,44,0.9372058446312875,0.7727614747930774,0.061474415984204965
osm,spatial_cluster,residual_full,george_town,55,1.006695986320169,0.8270676691729323,0.003042554881875844
osm,spatial_cluster,residual_full,hcmus,11,0.8644727369966378,0.8103837471783295,0.11427827138576278
osm,spatial_cluster,residual_full,hcmus,22,1.1099298431057636,0.9819548872180449,0.059323073272226357
osm,spatial_cluster,residual_full,hcmus,33,1.092711710499283,0.9548872180451128,0.03424375939095696
osm,spatial_cluster,residual_full,hcmus,44,1.0648063011785127,0.9684210526315788,0.07153223511940689
osm,spatial_cluster,residual_full,hcmus,55,1.0149156998602076,0.918796992481203,0.10877314789123091
osm,spatial_cluster,residual_full,kuala_lumpur,11,0.8909410118739247,0.6571428571428571,0.06132682491786924
osm,spatial_cluster,residual_full,kuala_lumpur,22,0.9933973638543452,0.801503759398496,0.03623225317656617
osm,spatial_cluster,residual_full,kuala_lumpur,33,0.9168470023874025,0.6706766917293233,0.06142680639857079
osm,spatial_cluster,residual_full,kuala_lumpur,44,0.9581472369744277,0.7984962406015037,0.06545534259771606
osm,spatial_cluster,residual_full,kuala_lumpur,55,0.9568312015861735,0.7112781954887217,0.024698850418175194
osm,spatial_cluster,residual_full,kyoto,11,0.9019601283628577,0.4195488721804511,0.03621682926596439
osm,spatial_cluster,residual_full,kyoto,22,0.7517596775502257,0.9714285714285714,0.11120575977724115
osm,spatial_cluster,residual_full,kyoto,33,1.0082622195643647,0.34586466165413526,0.005973865941736405
osm,spatial_cluster,residual_full,kyoto,44,1.0073382730615967,0.4646616541353384,0.005287436104011196
osm,spatial_cluster,residual_full,kyoto,55,1.0061349358416496,0.6060150375939849,0.0037039640105929394
osm,spatial_cluster,residual_full,singapore,11,0.8031253722050259,0.8646616541353382,0.05081070587110732
osm,spatial_cluster,residual_full,singapore,22,1.0515005089792502,0.9338345864661652,0.022905878506482957
osm,spatial_cluster,residual_full,singapore,33,0.8461958794064929,0.7849624060150376,0.10114898703883976
osm,spatial_cluster,residual_full,singapore,44,1.0141685692630018,0.9729323308270676,0.0035438387247465875
osm,spatial_cluster,residual_full,singapore,55,1.011414759408924,0.4676691729323308,0.007701621559922829
osm,spatial_cluster,residual_full,taipei,11,0.7972892199370483,0.9172932330827066,0.10022087404193333
osm,spatial_cluster,residual_full,taipei,22,0.8670412602780839,0.6210526315789473,0.07103947309811208
osm,spatial_cluster,residual_full,taipei,33,0.8356697304350921,0.1413533834586466,0.05276506127603433
osm,spatial_cluster,residual_full,taipei,44,0.9106583606019129,0.6616541353383457,0.05584089148609367
osm,spatial_cluster,residual_full,taipei,55,1.005826743337949,0.4827067669172932,0.0038778033336289265
osm,spatial_cluster,residual_full,tokyo,11,0.9223671002998002,0.7578947368421052,0.03569996883897562
osm,spatial_cluster,residual_full,tokyo,22,1.006778615812543,0.7804511278195487,0.00343789463249157
osm,spatial_cluster,residual_full,tokyo,33,1.010681327636908,0.813533834586466,0.004696521732296933
osm,spatial_cluster,residual_full,tokyo,44,1.0069316407868374,0.6827067669172932,0.0038753380944316585
osm,spatial_cluster,residual_full,tokyo,55,0.7893876389234356,0.6015037593984961,0.10863593579532975
osm,spatial_cluster,residual_full,viasm,11,0.9707354759762332,0.9473684210526315,0.08359318593334725
osm,spatial_cluster,residual_full,viasm,22,0.9217266401299987,0.7969924812030074,0.053227947173545384
osm,spatial_cluster,residual_full,viasm,33,0.9938753447755703,0.8872180451127819,0.07346340833481427
osm,spatial_cluster,residual_full,viasm,44,0.952369499111275,0.8842105263157894,0.05593552234462111
osm,spatial_cluster,residual_full,viasm,55,1.037585955670759,0.8105263157894737,0.09260215773357303
osm,spatial_cluster,residual_sage,bangkok,11,0.8834640054427275,0.625563909774436,0.03620598396156254
osm,spatial_cluster,residual_sage,bangkok,22,0.9594118426398301,0.9278195488721804,0.02962114719309611
osm,spatial_cluster,residual_sage,bangkok,33,0.7702047246596099,0.5894736842105263,0.11216091762081129
osm,spatial_cluster,residual_sage,bangkok,44,0.8979358146509416,0.8781954887218045,0.05109473949107762
osm,spatial_cluster,residual_sage,bangkok,55,1.005697634085072,0.993984962406015,0.00113788130806951
osm,spatial_cluster,residual_sage,cantho,11,0.886198509562719,0.8285714285714285,0.08260926632027522
osm,spatial_cluster,residual_sage,cantho,22,1.0096318508150761,0.9203007518796992,0.009916260510399826
osm,spatial_cluster,residual_sage,cantho,33,1.0378519272092364,0.9398496240601503,0.043099674346667914
osm,spatial_cluster,residual_sage,cantho,44,0.7610014664442867,0.8736842105263156,0.1300550393247805
osm,spatial_cluster,residual_sage,cantho,55,0.868800094941664,0.9052631578947368,0.10382858394221528
osm,spatial_cluster,residual_sage,chiang_mai,11,0.8647312766912743,0.4796992481203006,0.1118974850805949
osm,spatial_cluster,residual_sage,chiang_mai,22,1.0025590330735792,0.9864661654135337,0.000510428232314135
osm,spatial_cluster,residual_sage,chiang_mai,33,1.003149212441753,0.6887218045112782,0.0017587678741885608
osm,spatial_cluster,residual_sage,chiang_mai,44,0.7197088666241948,0.5984962406015037,0.16655531707952284
osm,spatial_cluster,residual_sage,chiang_mai,55,0.9015191923882772,0.7563909774436091,0.09154448682488278
osm,spatial_cluster,residual_sage,dalat,11,0.9326943761004739,0.7278195488721804,0.23666202532824637
osm,spatial_cluster,residual_sage,dalat,22,0.7801510916225148,0.5813253012048193,0.22162573930447071
osm,spatial_cluster,residual_sage,dalat,33,0.6559828638455362,0.13533834586466165,0.25321233115023417
osm,spatial_cluster,residual_sage,dalat,44,0.8141111203873804,0.47328818660647093,0.19587844906207716
osm,spatial_cluster,residual_sage,dalat,55,0.8531596260104847,0.7699248120300751,0.09660537402549393
osm,spatial_cluster,residual_sage,danang,11,0.6929564207616141,0.6150375939849623,0.22109450785849152
osm,spatial_cluster,residual_sage,danang,22,1.0407877570632782,0.9954887218045112,0.012942501160207245
osm,spatial_cluster,residual_sage,danang,33,0.9150968221736204,0.8766917293233082,0.07323751243414123
osm,spatial_cluster,residual_sage,danang,44,0.8470172727669919,0.8406015037593983,0.08485871336827455
osm,spatial_cluster,residual_sage,danang,55,1.0140131039775535,0.9172310007524452,0.024118929259438177
osm,spatial_cluster,residual_sage,george_town,11,0.8303998471672015,0.6105263157894737,0.11734586819233081
osm,spatial_cluster,residual_sage,george_town,22,1.025236698950582,0.8857142857142858,0.015483021891574425
osm,spatial_cluster,residual_sage,george_town,33,0.9981455083732503,0.593984962406015,0.0022687251861520054
osm,spatial_cluster,residual_sage,george_town,44,0.8282369568109013,0.7622272385252068,0.08987686061466575
osm,spatial_cluster,residual_sage,george_town,55,1.0058398315533847,0.825563909774436,0.0026518310743714486
osm,spatial_cluster,residual_sage,hcmus,11,0.844697565159039,0.7893152746425883,0.11187481285956324
osm,spatial_cluster,residual_sage,hcmus,22,1.1009120727251842,0.9879699248120299,0.05646440797665533
osm,spatial_cluster,residual_sage,hcmus,33,1.0803954867528105,0.9624060150375938,0.03291696210149229
osm,spatial_cluster,residual_sage,hcmus,44,0.9402444148337538,0.7052631578947368,0.07810415447626283
osm,spatial_cluster,residual_sage,hcmus,55,0.9777483650508106,0.9172932330827066,0.12120725197536401
osm,spatial_cluster,residual_sage,kuala_lumpur,11,0.7960867930433569,0.5518796992481202,0.07873157261279325
osm,spatial_cluster,residual_sage,kuala_lumpur,22,0.9396004555059704,0.8406015037593983,0.05928551521006596
osm,spatial_cluster,residual_sage,kuala_lumpur,33,0.9146106100164997,0.7999999999999999,0.06017758658961048
osm,spatial_cluster,residual_sage,kuala_lumpur,44,0.7343938340038358,0.6601503759398496,0.14082782100443114
osm,spatial_cluster,residual_sage,kuala_lumpur,55,0.9278410528169969,0.8917293233082706,0.037189406580258724
osm,spatial_cluster,residual_sage,kyoto,11,0.8905369304439757,0.46917293233082696,0.05119536652934327
osm,spatial_cluster,residual_sage,kyoto,22,0.9992703185338021,0.8736842105263156,0.0019808877863196498
osm,spatial_cluster,residual_sage,kyoto,33,1.0063237919993937,0.33383458646616543,0.006021957623410519
osm,spatial_cluster,residual_sage,kyoto,44,0.812096586467028,0.8796992481203006,0.0838440477041486
osm,spatial_cluster,residual_sage,kyoto,55,0.9414057041795629,0.7999999999999999,0.028111930917030608
osm,spatial_cluster,residual_sage,singapore,11,0.7830479371299337,0.837593984962406,0.07580753625803818
osm,spatial_cluster,residual_sage,singapore,22,1.0390732148243842,0.9518796992481202,0.022942597185819813
osm,spatial_cluster,residual_sage,singapore,33,0.8451401145809239,0.7849624060150376,0.10155064802508444
osm,spatial_cluster,residual_sage,singapore,44,0.7596170199854361,0.5052631578947367,0.10111223481942784
osm,spatial_cluster,residual_sage,singapore,55,1.0082569626446667,0.6917293233082705,0.00632455304579672
osm,spatial_cluster,residual_sage,taipei,11,0.8986707271660264,0.7278195488721804,0.06049555020804093
osm,spatial_cluster,residual_sage,taipei,22,0.8581455996599248,0.6947368421052631,0.07147783235422266
osm,spatial_cluster,residual_sage,taipei,33,0.8346194255450148,0.1413533834586466,0.05308209838159463
osm,spatial_cluster,residual_sage,taipei,44,0.7402515135524881,0.7864661654135338,0.12869255162955792
osm,spatial_cluster,residual_sage,taipei,55,1.0038456724437068,0.7518796992481201,0.0025546131564201965
osm,spatial_cluster,residual_sage,tokyo,11,0.8669378358697961,0.6812030075187969,0.061972974697185754
osm,spatial_cluster,residual_sage,tokyo,22,1.0004430010645735,0.8105263157894737,0.00527003652620738
osm,spatial_cluster,residual_sage,tokyo,33,0.9352179762019258,0.8736842105263156,0.04419665544898443
osm,spatial_cluster,residual_sage,tokyo,44,0.8202069224650829,0.8511278195488721,0.09441123642573904
osm,spatial_cluster,residual_sage,tokyo,55,0.7905551445350232,0.732330827067669,0.10378253420694161
osm,spatial_cluster,residual_sage,viasm,11,0.9897806804610645,0.8390977443609022,0.07123266541461783
osm,spatial_cluster,residual_sage,viasm,22,0.9201073109971984,0.875187969924812,0.05118689289270584
osm,spatial_cluster,residual_sage,viasm,33,0.970688610566134,0.9127819548872179,0.08372437103353902
osm,spatial_cluster,residual_sage,viasm,44,0.8127999569825,0.7187969924812029,0.1152447125979641
osm,spatial_cluster,residual_sage,viasm,55,1.0299075523356414,0.8105263157894737,0.09144614958646502
osm,targeted,residual_edge_mpnn,bangkok,11,0.28542854692617775,0.625563909774436,0.24032493291235194
osm,targeted,residual_edge_mpnn,bangkok,22,0.9573270746028179,0.7308270676691728,0.032763738286444265
osm,targeted,residual_edge_mpnn,bangkok,33,0.6628732952837472,0.7488721804511278,0.126387484353002
osm,targeted,residual_edge_mpnn,bangkok,44,-6.506107707416151e-05,0.2857142857142857,0.07282695480005529
osm,targeted,residual_edge_mpnn,bangkok,55,-0.008145779547707415,-0.4120300751879699,0.32739721808336597
osm,targeted,residual_edge_mpnn,cantho,11,0.9527537379365917,0.8842105263157894,0.038968488785390304
osm,targeted,residual_edge_mpnn,cantho,22,0.5264014834685901,0.6736842105263157,0.10620435645200399
osm,targeted,residual_edge_mpnn,cantho,33,0.8958266661935416,0.49323308270676686,0.06285723548483933
osm,targeted,residual_edge_mpnn,cantho,44,0.8135411013659206,0.8105263157894737,0.07427086185338522
osm,targeted,residual_edge_mpnn,cantho,55,-0.047887025225093034,-0.8105263157894737,0.293818325724771
osm,targeted,residual_edge_mpnn,chiang_mai,11,0.3125744905565828,0.7022556390977444,0.2472876935155835
osm,targeted,residual_edge_mpnn,chiang_mai,22,0.6120860223489983,0.7082706766917292,0.11223298225799509
osm,targeted,residual_edge_mpnn,chiang_mai,33,0.4923477090074877,0.6872180451127818,0.10790239790428431
osm,targeted,residual_edge_mpnn,chiang_mai,44,0.39946421236603047,0.06616541353383458,0.17877181429960895
osm,targeted,residual_edge_mpnn,chiang_mai,55,-0.0059886951497146665,-0.8511278195488721,0.14592058531959765
osm,targeted,residual_edge_mpnn,dalat,11,0.7183433511138417,0.4060150375939849,0.31266280007083863
osm,targeted,residual_edge_mpnn,dalat,22,0.7044538184512499,0.6451127819548872,0.4129185844870409
osm,targeted,residual_edge_mpnn,dalat,33,0.38518309522027916,0.2556390977443609,0.3634403391583953
osm,targeted,residual_edge_mpnn,dalat,44,0.3231909124182517,0.3789473684210526,0.3433055266239859
osm,targeted,residual_edge_mpnn,dalat,55,0.06620046128813747,0.7112781954887217,0.8760058632140566
osm,targeted,residual_edge_mpnn,danang,11,0.44028007867580066,0.6240601503759398,0.17144731309263966
osm,targeted,residual_edge_mpnn,danang,22,0.8923814439710025,0.7458646616541353,0.06673798565111072
osm,targeted,residual_edge_mpnn,danang,33,0.3348955879060549,0.6902255639097743,0.24017062458864666
osm,targeted,residual_edge_mpnn,danang,44,0.9734054116890087,0.9533834586466164,0.023297454438577076
osm,targeted,residual_edge_mpnn,danang,55,-0.016918490805342683,-0.4451127819548871,0.3893557212064816
osm,targeted,residual_edge_mpnn,george_town,11,0.34487298976705677,0.7578947368421052,0.1246200633639581
osm,targeted,residual_edge_mpnn,george_town,22,0.9318210308965609,0.613533834586466,0.05177804048468053
osm,targeted,residual_edge_mpnn,george_town,33,0.6527121067566222,0.7548872180451127,0.14484355589344225
osm,targeted,residual_edge_mpnn,george_town,44,0.7381278508817556,0.40751879699248117,0.052162567001768544
osm,targeted,residual_edge_mpnn,george_town,55,-0.019973148572676895,-0.8481203007518796,0.2540111956581249
osm,targeted,residual_edge_mpnn,hcmus,11,0.5363757593637924,0.5729323308270676,0.3006370809778204
osm,targeted,residual_edge_mpnn,hcmus,22,0.7423040802049174,0.8812030075187969,0.126692289421561
osm,targeted,residual_edge_mpnn,hcmus,33,0.23849276239216016,0.5684210526315789,0.27880255010533367
osm,targeted,residual_edge_mpnn,hcmus,44,0.1881082074921798,0.5789473684210527,0.4358521457609431
osm,targeted,residual_edge_mpnn,hcmus,55,-0.029720370426901958,-0.25112781954887214,0.5236654480757149
osm,targeted,residual_edge_mpnn,kuala_lumpur,11,0.28676991398692747,0.5578947368421052,0.1210696115474403
osm,targeted,residual_edge_mpnn,kuala_lumpur,22,0.2941775443706855,0.5413533834586466,0.16966927737845852
osm,targeted,residual_edge_mpnn,kuala_lumpur,33,0.2678615745520834,0.5984962406015037,0.1546094195872186
osm,targeted,residual_edge_mpnn,kuala_lumpur,44,0.32216398740571334,0.04360902255639097,0.13530781085338656
osm,targeted,residual_edge_mpnn,kuala_lumpur,55,-0.017253394691985537,-0.6827067669172932,0.18073297146248596
osm,targeted,residual_edge_mpnn,kyoto,11,2.9703684472741005,0.7142857142857143,0.027566033732802496
osm,targeted,residual_edge_mpnn,kyoto,22,0.9496152989169191,0.6766917293233082,0.04443786975933685
osm,targeted,residual_edge_mpnn,kyoto,33,0.2423586005676044,0.5097744360902255,0.043673240823417434
osm,targeted,residual_edge_mpnn,kyoto,44,3.1178003725572317e-10,0.0015037593984962405,0.059904387476131624
osm,targeted,residual_edge_mpnn,kyoto,55,-0.42095352507523254,-0.819548872180451,0.02963758407744025
osm,targeted,residual_edge_mpnn,singapore,11,0.496479297175631,0.5293233082706766,0.06331893141569672
osm,targeted,residual_edge_mpnn,singapore,22,0.942224677961201,0.7338345864661654,0.045132912650235626
osm,targeted,residual_edge_mpnn,singapore,33,0.008232356104729844,0.5624060150375939,0.09061163643968731
osm,targeted,residual_edge_mpnn,singapore,44,2.3257011897566725e-09,0.33533834586466166,0.05984534673476556
osm,targeted,residual_edge_mpnn,singapore,55,-0.3397401117922885,-0.77593984962406,0.033270615837456205
osm,targeted,residual_edge_mpnn,taipei,11,0.9795423718192372,0.7699248120300751,0.026706395488445556
osm,targeted,residual_edge_mpnn,taipei,22,0.6110042599002109,0.6781954887218045,0.10512866887945768
osm,targeted,residual_edge_mpnn,taipei,33,0.009881973664139948,0.512781954887218,0.04782362882707157
osm,targeted,residual_edge_mpnn,taipei,44,0.9385652406643135,0.21954887218045113,0.03252409587745385
osm,targeted,residual_edge_mpnn,taipei,55,-0.016900710545595773,-0.3684210526315789,0.0730880737972526
osm,targeted,residual_edge_mpnn,tokyo,11,0.820071087989904,0.819548872180451,0.047516144608383534
osm,targeted,residual_edge_mpnn,tokyo,22,0.9369924186538523,0.31127819548872177,0.05375166155923604
osm,targeted,residual_edge_mpnn,tokyo,33,0.9491312554283762,0.5067669172932331,0.04093671889945397
osm,targeted,residual_edge_mpnn,tokyo,44,2.029071326848135,0.2857142857142857,0.030746624127881213
osm,targeted,residual_edge_mpnn,tokyo,55,0.0016009613998337593,-0.8150375939849623,0.0632091939152377
osm,targeted,residual_edge_mpnn,viasm,11,0.6021778243209894,0.7082706766917292,0.15074009934919957
osm,targeted,residual_edge_mpnn,viasm,22,0.5014775404697832,0.7488721804511278,0.11847319590858112
osm,targeted,residual_edge_mpnn,viasm,33,0.6410544973110353,0.8721804511278194,0.11746711992342125
osm,targeted,residual_edge_mpnn,viasm,44,0.5965185278954941,0.78796992481203,0.09067945118569247
osm,targeted,residual_edge_mpnn,viasm,55,-0.02506295449792,-0.5609022556390978,0.20411756666889871
osm,targeted,residual_full,bangkok,11,0.3039809600048935,0.6075187969924812,0.22682800995842314
osm,targeted,residual_full,bangkok,22,1.023398307875805,0.21654135338345865,0.045531012438649626
osm,targeted,residual_full,bangkok,33,0.8368119045462481,0.12481203007518797,0.11945074686195176
osm,targeted,residual_full,bangkok,44,0.0010319717242539776,-0.7037593984962407,0.08695053284663955
osm,targeted,residual_full,bangkok,55,0.49755956054408207,0.11729323308270674,0.17178877146668659
osm,targeted,residual_full,cantho,11,0.9946997039801828,0.8872180451127819,0.029046421471647755
osm,targeted,residual_full,cantho,22,0.4983043946145067,0.7488721804511278,0.1173799426968732
osm,targeted,residual_full,cantho,33,0.9589569794987989,0.6586466165413534,0.059437737647857106
osm,targeted,residual_full,cantho,44,0.8531809298195214,0.831578947368421,0.07374282631136034
osm,targeted,residual_full,cantho,55,1.0223533531553115,0.8932330827067668,0.03267550264750145
osm,targeted,residual_full,chiang_mai,11,0.3051344189682106,0.28721804511278193,0.255338182684424
osm,targeted,residual_full,chiang_mai,22,0.6167233602235912,-0.17293233082706763,0.12084842341833164
osm,targeted,residual_full,chiang_mai,33,0.6739609255297897,-0.41503759398496237,0.06498534317154434
osm,targeted,residual_full,chiang_mai,44,0.3932088605524999,-0.10827067669172932,0.2089438984977227
osm,targeted,residual_full,chiang_mai,55,0.45814445574036694,-0.6360902255639098,0.09248136362546347
osm,targeted,residual_full,dalat,11,1.4425351035676333,0.6045112781954887,0.3697081892239019
osm,targeted,residual_full,dalat,22,0.7183831103487053,0.5864661654135337,0.47048500279953087
osm,targeted,residual_full,dalat,33,0.43150787814592095,0.29323308270676685,0.35893361051709916
osm,targeted,residual_full,dalat,44,0.3828587407050233,0.5789473684210527,0.34710391724327366
osm,targeted,residual_full,dalat,55,0.5310219760506144,0.12481203007518797,0.3461476706125112
osm,targeted,residual_full,danang,11,0.7108014425262509,0.6631578947368421,0.10173271926412708
osm,targeted,residual_full,danang,22,1.0590193534311514,0.8736842105263156,0.08293005724192455
osm,targeted,residual_full,danang,33,0.47606052183077535,0.7308270676691728,0.2464312894989452
osm,targeted,residual_full,danang,44,1.0289869978707284,0.8917293233082706,0.0378244387249406
osm,targeted,residual_full,danang,55,0.8594323537009928,0.8571428571428572,0.09510515434075673
osm,targeted,residual_full,george_town,11,0.341791666372009,-0.20150375939849624,0.1329036342177339
osm,targeted,residual_full,george_town,22,0.9816432080416737,-0.4285714285714286,0.05174275577817685
osm,targeted,residual_full,george_town,33,0.8866336860434492,0.38195488721804516,0.06632589914559785
osm,targeted,residual_full,george_town,44,0.6963884579564033,-0.10977443609022557,0.07829248422489724
osm,targeted,residual_full,george_town,55,0.23574567536578717,-0.49624060150375937,0.1977521734241172
osm,targeted,residual_full,hcmus,11,0.6181273793317905,0.6,0.28250548694890565
osm,targeted,residual_full,hcmus,22,0.7097321770146023,0.6330827067669172,0.20200531306860312
osm,targeted,residual_full,hcmus,33,0.35794177752288636,0.6180451127819548,0.26323792852062305
osm,targeted,residual_full,hcmus,44,0.1936971461013516,0.7368421052631579,0.4559304652135171
osm,targeted,residual_full,hcmus,55,0.31053319393187995,0.5308270676691729,0.36879904566273974
osm,targeted,residual_full,kuala_lumpur,11,0.4931425126285978,0.5924812030075187,0.0947520678328907
osm,targeted,residual_full,kuala_lumpur,22,0.3310426354242618,-0.21804511278195485,0.13538975339029377
osm,targeted,residual_full,kuala_lumpur,33,0.34206863712565583,-0.5233082706766917,0.12340589532241115
osm,targeted,residual_full,kuala_lumpur,44,0.34537806096155754,-0.30977443609022554,0.13684897060806284
osm,targeted,residual_full,kuala_lumpur,55,0.0018566345926067256,0.07368421052631578,0.1703996917326652
osm,targeted,residual_full,kyoto,11,-0.057651059951339935,-0.3082706766917293,0.01801619599858222
osm,targeted,residual_full,kyoto,22,0.7246031385422165,0.4842105263157894,0.24080174776467592
osm,targeted,residual_full,kyoto,33,0.10160903806637572,-0.669172932330827,0.021299921419178077
osm,targeted,residual_full,kyoto,44,0.0034504392709274402,-0.625563909774436,0.06278734500781591
osm,targeted,residual_full,kyoto,55,-0.048921740933605073,-0.41052631578947363,0.02502667115653313
osm,targeted,residual_full,singapore,11,0.44355232929637123,0.47368421052631576,0.1008003520665564
osm,targeted,residual_full,singapore,22,1.0195329797480823,-0.13383458646616542,0.018933444515339348
osm,targeted,residual_full,singapore,33,-0.008079135912147846,-0.8451127819548873,0.0746099512801611
osm,targeted,residual_full,singapore,44,-0.011744135951096146,-0.7293233082706766,0.06752372860697517
osm,targeted,residual_full,singapore,55,0.01951755637809174,-0.42556390977443603,0.02444124059743578
osm,targeted,residual_full,taipei,11,0.9289964599017834,0.8105263157894737,0.06031537628955562
osm,targeted,residual_full,taipei,22,0.7046054761847329,-0.30526315789473685,0.049243810004333054
osm,targeted,residual_full,taipei,33,-1.8618172692556352,-0.7473684210526315,0.06186623474646308
osm,targeted,residual_full,taipei,44,0.9771067473540539,-0.6240601503759398,0.025212069898318507
osm,targeted,residual_full,taipei,55,1.0147338673145367,-0.06766917293233082,0.0219841812008141
osm,targeted,residual_full,tokyo,11,0.7380151893855588,0.6511278195488721,0.1219382108559032
osm,targeted,residual_full,tokyo,22,1.0162662473746902,-0.544360902255639,0.019247987056269268
osm,targeted,residual_full,tokyo,33,0.9995977048583656,-0.46917293233082696,0.030447798216717382
osm,targeted,residual_full,tokyo,44,-0.628287480298014,-0.7744360902255639,0.01718786951155139
osm,targeted,residual_full,tokyo,55,-0.03806663501466766,-0.5338345864661653,0.10333940456650606
osm,targeted,residual_full,viasm,11,0.6304653166645013,0.8345864661654135,0.12872042460970165
osm,targeted,residual_full,viasm,22,0.5224716169086723,0.3037593984962406,0.1832544607790095
osm,targeted,residual_full,viasm,33,0.795304410488721,0.5774436090225563,0.11573656409629896
osm,targeted,residual_full,viasm,44,0.4974689817415022,0.4631578947368421,0.13912998028259524
osm,targeted,residual_full,viasm,55,0.8704433005042352,0.2045112781954887,0.11182107163640195
osm,targeted,residual_sage,bangkok,11,0.3374043728057265,0.4030075187969925,0.23873914833447946
osm,targeted,residual_sage,bangkok,22,1.0178421309148207,0.6872180451127818,0.03944887435710277
osm,targeted,residual_sage,bangkok,33,0.8349509028519803,0.1533834586466165,0.11755464217971485
osm,targeted,residual_sage,bangkok,44,0.023059409296000432,0.524812030075188,0.08352550318440295
osm,targeted,residual_sage,bangkok,55,0.493971051459348,0.47218045112781953,0.1678596326020632
osm,targeted,residual_sage,cantho,11,0.9907641010143968,0.6872180451127818,0.0557295803991258
osm,targeted,residual_sage,cantho,22,0.4783155884042177,0.6556390977443608,0.10293519928873118
osm,targeted,residual_sage,cantho,33,0.9480616294633185,0.6481203007518795,0.05367251304111824
osm,targeted,residual_sage,cantho,44,0.8240689419629659,0.8045112781954886,0.07800435118876678
osm,targeted,residual_sage,cantho,55,1.0151480309275043,0.8932330827067668,0.028168422973570445
osm,targeted,residual_sage,chiang_mai,11,0.32951909905161214,-0.025563909774436087,0.2491590326884004
osm,targeted,residual_sage,chiang_mai,22,0.6155098151644104,0.2421052631578947,0.11646032078538437
osm,targeted,residual_sage,chiang_mai,33,0.6736960132149589,-0.4195488721804511,0.06469574124578384
osm,targeted,residual_sage,chiang_mai,44,0.43203948270689113,0.7413533834586465,0.18569616934740088
osm,targeted,residual_sage,chiang_mai,55,0.45897908548761907,0.21353383458646616,0.0883683049203478
osm,targeted,residual_sage,dalat,11,1.5383723001684302,0.6451127819548872,0.3985862678336069
osm,targeted,residual_sage,dalat,22,0.6526880771896774,0.5293233082706766,0.4792944811010858
osm,targeted,residual_sage,dalat,33,0.4181843595813019,0.29172932330827067,0.3886645573965404
osm,targeted,residual_sage,dalat,44,0.34529649562628567,0.4661654135338345,0.35147522086504945
osm,targeted,residual_sage,dalat,55,0.5326030085985222,0.14736842105263157,0.34416537379550655
osm,targeted,residual_sage,danang,11,0.7108429849302127,0.6631578947368421,0.11194904770569229
osm,targeted,residual_sage,danang,22,1.035566211853821,0.9278195488721804,0.068207352755385
osm,targeted,residual_sage,danang,33,0.4704023863864237,0.7699248120300751,0.23861319057389113
osm,targeted,residual_sage,danang,44,0.9955261827161216,0.932330827067669,0.03574057711393015
osm,targeted,residual_sage,danang,55,0.8537271621321559,0.8616541353383457,0.09136316097234162
osm,targeted,residual_sage,george_town,11,0.39767840157515305,-0.17744360902255638,0.1260743086454576
osm,targeted,residual_sage,george_town,22,0.9821469718368888,0.5804511278195488,0.043971589305946766
osm,targeted,residual_sage,george_town,33,0.883258522151135,0.6661654135338345,0.06209333766208428
osm,targeted,residual_sage,george_town,44,0.7076402559444119,0.6120300751879698,0.058563936659674576
osm,targeted,residual_sage,george_town,55,0.2376325582841186,0.5654135338345864,0.1927952789688725
osm,targeted,residual_sage,hcmus,11,0.588543323549027,0.6541353383458646,0.29082758631714745
osm,targeted,residual_sage,hcmus,22,0.7405002966599159,0.8917293233082706,0.1833432850619809
osm,targeted,residual_sage,hcmus,33,0.3536750184947804,0.7473684210526315,0.25515218677362295
osm,targeted,residual_sage,hcmus,44,0.19884398340266485,0.5142857142857143,0.4121800028822826
osm,targeted,residual_sage,hcmus,55,0.3093948728857687,0.5413533834586466,0.3634540692012473
osm,targeted,residual_sage,kuala_lumpur,11,0.47260579686788706,0.33533834586466166,0.10672254944725439
osm,targeted,residual_sage,kuala_lumpur,22,0.31826608973524767,0.22556390977443608,0.1325628941324669
osm,targeted,residual_sage,kuala_lumpur,33,0.3777278690832507,0.5624060150375939,0.11063157333837714
osm,targeted,residual_sage,kuala_lumpur,44,0.39374882869364347,0.556390977443609,0.12530714540143356
osm,targeted,residual_sage,kuala_lumpur,55,0.003798258894348016,0.825563909774436,0.16536270414718396
osm,targeted,residual_sage,kyoto,11,-0.13639102318189492,-0.7353383458646616,0.020699813173207612
osm,targeted,residual_sage,kyoto,22,1.0111080768138958,-0.037593984962406006,0.013380708598070654
osm,targeted,residual_sage,kyoto,33,-0.17645430041077306,-0.8390977443609022,0.021764387195040067
osm,targeted,residual_sage,kyoto,44,0.11130849369698644,0.42105263157894735,0.062421811429798524
osm,targeted,residual_sage,kyoto,55,0.05087647551871586,0.4676691729323308,0.018752024100408042
osm,targeted,residual_sage,singapore,11,0.431111059820015,-0.04360902255639097,0.11335656141696353
osm,targeted,residual_sage,singapore,22,1.0135297536575247,0.5473684210526315,0.013014202837136845
osm,targeted,residual_sage,singapore,33,-0.006457882377231288,-0.8210526315789473,0.07303836203749418
osm,targeted,residual_sage,singapore,44,0.24302810158647856,0.6466165413533834,0.07378064979078755
osm,targeted,residual_sage,singapore,55,0.05407158989256878,0.5699248120300752,0.01906094662604253
osm,targeted,residual_sage,taipei,11,0.9869065947925431,0.3744360902255639,0.027956789384940405
osm,targeted,residual_sage,taipei,22,0.6519912769143951,0.28120300751879695,0.04911469661724944
osm,targeted,residual_sage,taipei,33,-0.5304292850764498,-0.7413533834586465,0.021605238589159644
osm,targeted,residual_sage,taipei,44,0.9147520135625778,0.6541353383458646,0.05325656232856968
osm,targeted,residual_sage,taipei,55,1.008988933838314,0.20751879699248119,0.016662548345475155
osm,targeted,residual_sage,tokyo,11,0.7785363056422834,0.46917293233082696,0.11545455639324184
osm,targeted,residual_sage,tokyo,22,1.0113000904476757,-0.11428571428571428,0.013035700819043114
osm,targeted,residual_sage,tokyo,33,0.9935626283676455,0.6421052631578947,0.017802347640358145
osm,targeted,residual_sage,tokyo,44,2.0470610839460175,0.43909774436090226,0.033656077313527856
osm,targeted,residual_sage,tokyo,55,-0.00715561568687273,0.5368421052631579,0.06275005745619308
osm,targeted,residual_sage,viasm,11,0.6131669560780827,0.7849624060150376,0.14742400456060323
osm,targeted,residual_sage,viasm,22,0.5190607154238851,0.6977443609022556,0.1662206520074887
osm,targeted,residual_sage,viasm,33,0.790557597804006,0.7172932330827068,0.10787895765272248
osm,targeted,residual_sage,viasm,44,0.48903185544509126,0.625563909774436,0.12382298484745116
osm,targeted,residual_sage,viasm,55,0.8634651478043538,0.25112781954887214,0.10504935095826398
synthetic,independent,residual_edge_mpnn,synthetic,11,0.9278744842851164,0.8555154209502642,0.05208358671766002
synthetic,independent,residual_edge_mpnn,synthetic,22,1.0053755003111393,0.693470408446791,0.035038333897899857
synthetic,independent,residual_edge_mpnn,synthetic,33,0.9209693757558792,0.14776326757432626,0.05419002118587669
synthetic,independent,residual_edge_mpnn,synthetic,44,0.7599606420231998,0.7427063073075856,0.04662326365334639
synthetic,independent,residual_edge_mpnn,synthetic,55,-0.14263532254032502,-0.9003056404556822,0.07586354167626733
synthetic,independent,residual_full,synthetic,11,0.8168040570900399,0.7608224506807448,0.08308509644021768
synthetic,independent,residual_full,synthetic,22,0.8480796849610068,0.5958877465962769,0.045053568263081295
synthetic,independent,residual_full,synthetic,33,0.947029611928044,0.5901083634342875,0.045812223369290035
synthetic,independent,residual_full,synthetic,44,0.7595240715416056,0.7461517088080023,0.05335037000998355
synthetic,independent,residual_full,synthetic,55,0.6467973991726945,0.6652959155320924,0.04119020071089986
synthetic,independent,residual_sage,synthetic,11,0.8516180504922518,0.764101139205335,0.05530429163279633
synthetic,independent,residual_sage,synthetic,22,0.8621918549957075,0.690803000833565,0.0699404434995741
synthetic,independent,residual_sage,synthetic,33,0.9340099331570731,0.6088913587107531,0.043990356993507694
synthetic,independent,residual_sage,synthetic,44,0.6576345380789438,0.7804390108363436,0.06025181382708932
synthetic,independent,residual_sage,synthetic,55,0.6410681061397869,0.6711864406779662,0.04582625588687125
synthetic,spatial_cluster,residual_edge_mpnn,synthetic,11,0.855520380380734,0.6599055293136984,0.06801081391782268
synthetic,spatial_cluster,residual_edge_mpnn,synthetic,22,0.7047886817180096,0.43473186996387897,0.045731661105982854
synthetic,spatial_cluster,residual_edge_mpnn,synthetic,33,0.7505334210337806,0.7596487815721469,0.09381345142003286
synthetic,spatial_cluster,residual_edge_mpnn,synthetic,44,0.635231587018401,0.5073631564323424,0.05245558407396307
synthetic,spatial_cluster,residual_edge_mpnn,synthetic,55,-0.05388119887681098,-0.7959319773257753,0.3284937105492905
synthetic,spatial_cluster,residual_full,synthetic,11,0.8096726781157365,0.4388441233676022,0.0844411140039596
synthetic,spatial_cluster,residual_full,synthetic,22,0.5464818100619292,0.24084467907752158,0.04677855160244344
synthetic,spatial_cluster,residual_full,synthetic,33,0.9684545378087757,0.6928505932368222,0.04806363914031517
synthetic,spatial_cluster,residual_full,synthetic,44,0.6597565588397387,0.522311753264796,0.0668762259381575
synthetic,spatial_cluster,residual_full,synthetic,55,0.8524041510510425,0.7945981993997998,0.0646263908627883
synthetic,spatial_cluster,residual_sage,synthetic,11,0.8333226250647171,0.5434287302028342,0.0736779389618
synthetic,spatial_cluster,residual_sage,synthetic,22,0.5545873140145996,0.5173103639899973,0.04371687784283054
synthetic,spatial_cluster,residual_sage,synthetic,33,0.9480056123280525,0.7185806774292143,0.03825425627323077
synthetic,spatial_cluster,residual_sage,synthetic,44,0.5743740797840441,0.5712142261739374,0.0757198451112572
synthetic,spatial_cluster,residual_sage,synthetic,55,0.7273953368307103,0.7867066800044459,0.09694162701215518
synthetic,targeted,residual_edge_mpnn,synthetic,11,0.974008087338791,0.8378994165045848,0.053042692191043975
synthetic,targeted,residual_edge_mpnn,synthetic,22,0.6664195660709499,0.9000833564879135,0.06126427727188452
synthetic,targeted,residual_edge_mpnn,synthetic,33,0.7143863693778079,0.8256737982772995,0.08091504994510695
synthetic,targeted,residual_edge_mpnn,synthetic,44,0.3864743476704455,0.7388163378716311,0.13728902572344995
synthetic,targeted,residual_edge_mpnn,synthetic,55,-0.37333201555560824,-0.7280280085581704,0.30645318258764337
synthetic,targeted,residual_full,synthetic,11,0.5944836732800715,0.7644345651569882,0.13261747277697122
synthetic,targeted,residual_full,synthetic,22,0.17327049867412497,0.5438177271464296,0.13649463158682812
synthetic,targeted,residual_full,synthetic,33,0.5922520262700912,0.6230619616560157,0.12574278540422887
synthetic,targeted,residual_full,synthetic,44,0.2817945965492045,0.6790775215337596,0.1910148328915067
synthetic,targeted,residual_full,synthetic,55,0.7174045724219831,0.41787768484814797,0.09320141160830411
synthetic,targeted,residual_sage,synthetic,11,0.693162867101333,0.7270908585718256,0.08049200535776761
synthetic,targeted,residual_sage,synthetic,22,0.2762209012699484,0.5850514031675467,0.11332335406828767
synthetic,targeted,residual_sage,synthetic,33,0.4620079483756411,0.6412892470130593,0.13942104734574126
synthetic,targeted,residual_sage,synthetic,44,0.26980457299083394,0.7264795776604613,0.18696418205500626
synthetic,targeted,residual_sage,synthetic,55,0.4573890719617341,0.41448776014893435,0.1113539926573042
