,,,,mae,mae,rmse,rmse,r2,r2,spearman,spearman
,,,,mean,std,mean,std,mean,std,mean,std
analysis,domain,model,group,,,,,,,,
area,osm,deepsets,cantho,0.07776248992960659,0.016273797519651897,0.1437829490951529,0.03422744681920781,0.8955592341869281,0.0490799438748309,0.825574739120829,0.02557185698990879
area,osm,deepsets,dalat,0.2015506002400446,0.020941543585489532,0.37923599436988586,0.025737479484530205,-0.6651169601469624,0.24931630179635966,0.5661413278656899,0.02523778262002059
area,osm,deepsets,danang,0.1300744141515145,0.025489302140133268,0.27296569061060993,0.029965922070120075,0.6390077948910677,0.09299513783449809,0.8041576386649958,0.028723207103769365
area,osm,deepsets,hcmus,0.12126928553434405,0.025381120587363255,0.2504068327691775,0.03221977702610352,0.6738558860776808,0.0925414444085356,0.8177089003177539,0.020614666273344153
area,osm,deepsets,viasm,0.11264223640243509,0.024056484433374912,0.2144153558391552,0.0343401122844723,0.7827597161797886,0.07190789903357034,0.7549889285983238,0.04121544613762477
area,osm,direct_full,cantho,0.054821317550058236,0.03018489355901974,0.13384452642873337,0.07638513242700729,0.8909965924003341,0.12760683600593736,0.8794664219442323,0.023908111205285586
area,osm,direct_full,dalat,0.19803562116354678,0.015669424581492068,0.40021225600084254,0.016754378318822274,-0.842691878370031,0.07510286299437739,0.6282079843712827,0.06087125486482506
area,osm,direct_full,danang,0.0955493749188701,0.0515151063782375,0.24727065650852334,0.08410270166054055,0.6833114270606044,0.23129492896474127,0.8495192439642428,0.04390310827752294
area,osm,direct_full,hcmus,0.09794920736839836,0.018763916602465132,0.2505929310817924,0.0332358667975244,0.6762898036881215,0.08183903823287225,0.8808301708747311,0.03040182356625681
area,osm,direct_full,viasm,0.0738349356771451,0.03289076673354374,0.1976484325737579,0.06641927536192954,0.8021132801932517,0.14331445729317913,0.8373636592921928,0.023492111201836332
area,osm,direct_no_coordinates,cantho,0.051569444940000375,0.024196518957485827,0.13442542539193267,0.06138549938774885,0.8982181723302185,0.0974665673502764,0.8858085190112449,0.021110538462182672
area,osm,direct_no_coordinates,dalat,0.20118154371207994,0.0247960239306001,0.3995502323556412,0.027948096156081452,-0.8395358301581073,0.20449043078189263,0.6444481506606557,0.04702253471546773
area,osm,direct_no_coordinates,danang,0.10424462005026944,0.05090955959291306,0.26646674178171975,0.08117997266058455,0.6350360316224786,0.22141754444342202,0.8736869174178091,0.05557037798258122
area,osm,direct_no_coordinates,hcmus,0.09583813113978075,0.0162819207089779,0.25020915421484746,0.024334213128754657,0.6783552056693996,0.061060279485094286,0.9010486440064582,0.029187379584629535
area,osm,direct_no_coordinates,viasm,0.06931883136371104,0.017939631830351136,0.19495224225447033,0.04232798264287355,0.8169078869635644,0.07597496731412114,0.840689429142371,0.030770792566715714
area,osm,direct_no_fiedler,cantho,0.04598706177532105,0.018988844351100376,0.12074785976669641,0.056335102431232575,0.9173610501012943,0.07797861315603659,0.8839728219408945,0.024785258400998284
area,osm,direct_no_fiedler,dalat,0.18528427780708795,0.013151818285467924,0.3864521578983801,0.01574420041226984,-0.7312572889496016,0.2383460413000393,0.6421730846342119,0.04902281513946368
area,osm,direct_no_fiedler,danang,0.0889722305564387,0.01844382035975345,0.24914418115691803,0.03497226746339063,0.6988695862975833,0.08395531691465094,0.869583776096607,0.03771422675516334
area,osm,direct_no_fiedler,hcmus,0.0906263650337092,0.01370257735813553,0.2391452848664275,0.02388216040207857,0.7056071590148674,0.06186845636230234,0.8858077461650101,0.029432437911027346
area,osm,direct_no_fiedler,viasm,0.06293354216233943,0.012708865591882258,0.18114052771880504,0.0373040240375425,0.842355875417482,0.06480545021947522,0.8401229888650954,0.02413603698620478
area,osm,residual_full,cantho,0.04137844485251223,0.023455233670308762,0.11671706386111491,0.06500856313055156,0.9178928691867412,0.09292601009225139,0.9450765985732176,0.01998638922078441
area,osm,residual_full,dalat,0.18898153858244895,0.015527214176462344,0.3884836509953679,0.015509549350250777,-0.7367202965362242,0.07456808725995837,0.6584928756743239,0.01445714927084875
area,osm,residual_full,danang,0.08809056375462443,0.04277707773256904,0.24367533697705443,0.06680447434929666,0.7005442760146207,0.17436620786359286,0.8968805616392815,0.02384030516462532
area,osm,residual_full,hcmus,0.08935492139230587,0.017016603887168632,0.2373875127826021,0.030417789103769993,0.7093848960935686,0.071088732334738,0.9296432686813642,0.019562027553117676
area,osm,residual_full,viasm,0.0608864711748028,0.02095846394684717,0.1842514965747711,0.045340774014695946,0.8344106466250732,0.08209148737130534,0.9020949629861741,0.0387706955149442
area,osm,residual_no_coordinates,cantho,0.036214706716175764,0.005829993625383245,0.10679117622316972,0.02585777375520199,0.9423922477272958,0.026037906848574238,0.9454098622180915,0.010942610973134323
area,osm,residual_no_coordinates,dalat,0.1976217934099557,0.0300422818329186,0.39631494281428836,0.038652946244074685,-0.8202277822870551,0.35048913727121017,0.6553775379695532,0.023425919357587918
area,osm,residual_no_coordinates,danang,0.09846803329285704,0.041758485839983504,0.26537845868304777,0.07021674024052683,0.6413495772668417,0.20326251131805928,0.8858183879003289,0.03288608935357433
area,osm,residual_no_coordinates,hcmus,0.08892931029500653,0.015758805640313282,0.2380518041908451,0.01998482112778568,0.7089724739933909,0.05104694189716196,0.9296695567292567,0.023834596535667957
area,osm,residual_no_coordinates,viasm,0.059427605031443065,0.013749190906948469,0.18605902336478986,0.03532469321570531,0.8348024524120273,0.05779262199165757,0.9048857600462028,0.03423659526993619
area,osm,residual_no_fiedler,cantho,0.03454969147805391,0.010561131769189562,0.09540813277376152,0.03345068043972231,0.9518197460694363,0.03487766200033564,0.9438833419927126,0.017965264010977974
area,osm,residual_no_fiedler,dalat,0.1813487619940355,0.014202021049006761,0.37819636050223393,0.013588552114848223,-0.6551898261520996,0.1966222890411008,0.6491813306299961,0.026023796892280685
area,osm,residual_no_fiedler,danang,0.07651582837971382,0.013767505073204216,0.2252204633345667,0.024440722599926155,0.7565904800567063,0.04548997712666396,0.8937926233841754,0.027096253643488274
area,osm,residual_no_fiedler,hcmus,0.08367984296147171,0.01725440490506167,0.2284311761897459,0.025413518084678233,0.7303212698645193,0.06796666799700317,0.9196195318493456,0.03693661427506074
area,osm,residual_no_fiedler,viasm,0.05912379977896172,0.009892313472589767,0.181318161809857,0.025303324328582007,0.8448217230093809,0.04457251048458658,0.9118989116091502,0.027551767583841882
area,osm,spectral,cantho,0.41331396778899787,0.01459865084771422,0.611686230558238,0.011129483524792186,-0.8075996441108598,0.05105196384207005,0.4477919540908416,0.047488636513688794
area,osm,spectral,dalat,0.8235730809881068,0.008968006587351494,0.873543283003665,0.007361233747298468,-7.808875167607947,0.716158400251824,0.17598101810807015,0.058877018179995945
area,osm,spectral,danang,0.5955319354286701,0.03615048093042908,0.7494351637553204,0.02449420954489847,-1.6888954250884365,0.2645979552248632,0.29827768764126866,0.06724084879879867
area,osm,spectral,hcmus,0.6312376073660724,0.023081823879099492,0.7684972927112074,0.01499271766247,-2.015009992856722,0.2198522240717195,0.2903045441608841,0.09823002394673022
area,osm,spectral,viasm,0.4160492933235558,0.028959323542782415,0.6216910869727343,0.024038754800646316,-0.7906017127932625,0.09162306036243688,0.3764457824098737,0.05952769985542396
area,osm,summary_mlp,cantho,0.1843928190963028,0.09940658200674632,0.26532910339160354,0.14102357489589493,0.5850985722955999,0.39364281874061485,0.8470840910818411,0.020383493179244625
area,osm,summary_mlp,dalat,0.19100171932885684,0.03460416438085516,0.36203082405173936,0.03347812044375219,-0.5288306332789505,0.3436688007108332,0.5835303930499038,0.010461769113509975
area,osm,summary_mlp,danang,0.3987887172288993,0.12997803406383765,0.5049651370719399,0.14645636042255605,-0.3060934810370467,0.6875603190060797,0.8183982456300802,0.016114893972436505
area,osm,summary_mlp,hcmus,0.4516203871638769,0.11186470852470479,0.549189244972081,0.138136905876909,-0.5999748600891015,0.6754240937408368,0.8374527241952776,0.010632500271760624
area,osm,summary_mlp,viasm,0.34356186459047866,0.045273631753425955,0.5011450070108816,0.08177161756288809,-0.19422860626959712,0.3969837169669168,0.7898439850481607,0.04222783389639455
area,synthetic,deepsets,synthetic,0.0863602868942354,0.015261467932255928,0.18153533611367093,0.04061534344413594,0.6152426136640619,0.04960660977756041,0.3954711384350217,0.1069950237058113
area,synthetic,direct_full,synthetic,0.07904372464517279,0.01583805673441773,0.17643352138151597,0.03906331040122383,0.5983561010659452,0.23595108581602764,0.5491160320858313,0.10975528453861978
area,synthetic,direct_no_coordinates,synthetic,0.07112964741807257,0.00963236484973647,0.16047345166601626,0.023791608924056875,0.6897023446393359,0.05715239604173964,0.6171311550016113,0.06999031662093799
area,synthetic,direct_no_fiedler,synthetic,0.08100746050652743,0.020461944969686265,0.17217550936700837,0.047328385184740106,0.6047475993555215,0.2861861738113123,0.6159232314566927,0.0613800836883873
area,synthetic,residual_full,synthetic,0.05840137403756039,0.016722941619469783,0.14103756838522935,0.03122763772246831,0.756009383050836,0.09952385150992048,0.7455394868068835,0.1281534579165668
area,synthetic,residual_no_coordinates,synthetic,0.05382491826272488,0.01320193835429387,0.14247990836655897,0.03711026638004683,0.7392125589986642,0.15910766492447215,0.7920024940940994,0.05611373614465302
area,synthetic,residual_no_fiedler,synthetic,0.05707832756114454,0.011055264522534886,0.13874332224839983,0.03040122348903634,0.7678240406376041,0.07095573554759751,0.7823360894196691,0.046100621610368646
area,synthetic,spectral,synthetic,0.10675135951309889,0.03428768087419288,0.2829871097071166,0.057427141643085135,0.0631157716009689,0.07688190202536764,0.877829520392775,0.04651747537381569
area,synthetic,summary_mlp,synthetic,0.08658699886018564,0.0224481376518608,0.18330605856194096,0.03984404765545515,0.6077761272939451,0.050051128172524065,0.5183350016316726,0.10589506289451431
clip_group,osm,deepsets,not_clipped,0.12865980525158896,0.016964030268442794,0.26454622203770245,0.020719270665303637,0.6657454556992148,0.05528128275104334,0.7907868330204408,0.01678313309335933
clip_group,osm,direct_full,not_clipped,0.10403809133560371,0.027443713304046234,0.263903857970294,0.044233238273830654,0.6624521018974561,0.12091039509674302,0.8528805555395363,0.03882662132771159
clip_group,osm,direct_no_coordinates,not_clipped,0.1044305142411683,0.02173592395482911,0.2667024107813732,0.03351807783704855,0.6582191644302573,0.08773895542811817,0.8734142488804449,0.029340651377454
clip_group,osm,direct_no_fiedler,not_clipped,0.09476069546697927,0.007749417015790694,0.25312614527063626,0.015178065294221514,0.6949968522158755,0.03700251885898505,0.8689520547459841,0.023701374484239552
clip_group,osm,residual_full,not_clipped,0.09373838795133885,0.0209173017268436,0.2526855787809396,0.03354082003733963,0.6929138072761786,0.08569808868468713,0.9029492598903539,0.014265093011298762
clip_group,osm,residual_no_coordinates,not_clipped,0.09613228974908761,0.017896620527516015,0.25825565980231485,0.030391372077116195,0.6796012896662061,0.08057420981635732,0.9013921559532212,0.013558674794694517
clip_group,osm,residual_no_fiedler,not_clipped,0.08704358491844734,0.006455343526725624,0.24090569420921382,0.008491277858991217,0.7243183713204056,0.018140163361361896,0.8995672153747585,0.020403932807925015
clip_group,osm,spectral,not_clipped,0.5759411769790805,0.01071316814945222,0.7317104609459324,0.007784761901183955,-1.5419075777553382,0.0717037959552725,0.33153002436150086,0.01969134500679876
clip_group,osm,summary_mlp,not_clipped,0.3138731014816829,0.07554551294683322,0.4528430048085029,0.0980534177157728,-0.008396740732279473,0.41004121934351667,0.8112470628652027,0.019752498329977886
clip_group,synthetic,deepsets,not_clipped,0.0863602868942354,0.015261467932255928,0.18153533611367093,0.04061534344413594,0.6152426136640619,0.04960660977756041,0.3954711384350217,0.1069950237058113
clip_group,synthetic,direct_full,not_clipped,0.07904372464517279,0.01583805673441773,0.17643352138151597,0.03906331040122383,0.5983561010659452,0.23595108581602764,0.5491160320858313,0.10975528453861978
clip_group,synthetic,direct_no_coordinates,not_clipped,0.07112964741807257,0.00963236484973647,0.16047345166601626,0.023791608924056875,0.6897023446393359,0.05715239604173964,0.6171311550016113,0.06999031662093799
clip_group,synthetic,direct_no_fiedler,not_clipped,0.08100746050652743,0.020461944969686265,0.17217550936700837,0.047328385184740106,0.6047475993555215,0.2861861738113123,0.6159232314566927,0.0613800836883873
clip_group,synthetic,residual_full,not_clipped,0.05840137403756039,0.016722941619469783,0.14103756838522935,0.03122763772246831,0.756009383050836,0.09952385150992048,0.7455394868068835,0.1281534579165668
clip_group,synthetic,residual_no_coordinates,not_clipped,0.05382491826272488,0.01320193835429387,0.14247990836655897,0.03711026638004683,0.7392125589986642,0.15910766492447215,0.7920024940940994,0.05611373614465302
clip_group,synthetic,residual_no_fiedler,not_clipped,0.05707832756114454,0.011055264522534886,0.13874332224839983,0.03040122348903634,0.7678240406376041,0.07095573554759751,0.7823360894196691,0.046100621610368646
clip_group,synthetic,spectral,not_clipped,0.10675135951309889,0.03428768087419288,0.2829871097071166,0.057427141643085135,0.0631157716009689,0.07688190202536764,0.877829520392775,0.04651747537381569
clip_group,synthetic,summary_mlp,not_clipped,0.08658699886018564,0.0224481376518608,0.18330605856194096,0.03984404765545515,0.6077761272939451,0.050051128172524065,0.5183350016316726,0.10589506289451431
connectivity_group,osm,deepsets,connected,0.08991623052474874,0.010795243048149489,0.15240224024032512,0.01395788429904579,-0.051319767468892906,0.16620149878708174,0.31837981368312385,0.062053401144781396
connectivity_group,osm,deepsets,disconnected,0.15898457371896083,0.024445888219219943,0.3265103396050333,0.027082843765427994,,,0.0,0.0
connectivity_group,osm,direct_full,connected,0.08086722575860135,0.009221350662680518,0.15698388779799108,0.011869814065894433,-0.10761918683698815,0.034390303075168556,0.5577058593311042,0.1473965160899629
connectivity_group,osm,direct_full,disconnected,0.12230273861188579,0.05109651695830248,0.32306656380094284,0.06552342882887037,,,0.0,0.0
connectivity_group,osm,direct_no_coordinates,connected,0.07942654026627052,0.00698621027116162,0.15594322305731093,0.011683850606073845,-0.0934729114355588,0.04927877455949733,0.6124614410528745,0.029509261697588426
connectivity_group,osm,direct_no_coordinates,disconnected,0.123920275569292,0.03890560262632236,0.32784893288835026,0.048500591244198345,,,0.0,0.0
connectivity_group,osm,direct_no_fiedler,connected,0.07946631177036931,0.007575744812488228,0.15375904627017284,0.015306651568686479,-0.06074343052972673,0.07475723820336239,0.6098503029108542,0.04150351268979501
connectivity_group,osm,direct_no_fiedler,disconnected,0.10685647098986088,0.015904499603909408,0.3092883258411179,0.023812280321048207,,,0.0,0.0
connectivity_group,osm,residual_full,connected,0.0704507293876919,0.010278013453618078,0.14392494051430324,0.013149880747964932,0.06863699301958963,0.0791453485312419,0.7829223601848916,0.035854033607168996
connectivity_group,osm,residual_full,disconnected,0.1120211373175756,0.038002169472247306,0.31207774013325534,0.04914624122746252,,,0.0,0.0
connectivity_group,osm,residual_no_coordinates,connected,0.06944706810376762,0.009544673538749026,0.14406935364092113,0.013638614063860304,0.06871111365496145,0.05078671200111328,0.7969052121512876,0.04291504751110111
connectivity_group,osm,residual_no_coordinates,disconnected,0.11685328953111455,0.02885246265411922,0.3202648988069199,0.039508937013480454,,,0.0,0.0
connectivity_group,osm,residual_no_fiedler,connected,0.06802173111002854,0.00994999212081177,0.14249491116249852,0.01228707000855061,0.0877086936252675,0.05636959516894703,0.8132192281735504,0.038887159668021296
connectivity_group,osm,residual_no_fiedler,disconnected,0.10202808411031064,0.0136180284516896,0.2960120515349015,0.015517533191999921,,,0.0,0.0
connectivity_group,osm,spectral,connected,0.07859164872688228,0.006890213020202017,0.1554719547548717,0.011079718102188583,-0.08661031948463704,0.012352360274353751,0.87242823632,0.019541394558335267
connectivity_group,osm,spectral,disconnected,0.9670217783506809,0.0013143522688154588,0.9682028124268168,0.0012410831543661403,,,0.0,0.0
connectivity_group,osm,summary_mlp,connected,0.08372978687832484,0.005998520447659215,0.15146405289581252,0.011572184087735455,-0.03443442266019583,0.10039091377297127,0.4365877191425504,0.04123142069814297
connectivity_group,osm,summary_mlp,disconnected,0.49621035766230365,0.14140059652803466,0.5903114062887177,0.13631658462102558,,,0.0,0.0
connectivity_group,synthetic,deepsets,connected,0.06339992952659268,0.014418235473365026,0.1100007646253224,0.02745017780481202,-0.5575328550037003,0.45796153623007696,0.19518584798516958,0.18253555674418365
connectivity_group,synthetic,deepsets,disconnected,0.27876677903537156,0.08327873595607628,0.460048316629722,0.0883378621201749,,,0.0,0.0
connectivity_group,synthetic,direct_full,connected,0.06376916538625989,0.019308689441502207,0.11916266322092414,0.05430242878348195,-1.0783517004338912,1.9746192813255088,0.4170341314692066,0.17516308047070553
connectivity_group,synthetic,direct_full,disconnected,0.19990726673751233,0.07690075160764252,0.39478945315819025,0.07880397101309285,,,0.0,0.0
connectivity_group,synthetic,direct_no_coordinates,connected,0.05673555978970468,0.009567556019070092,0.09931599355717007,0.026158919862716512,-0.32359570469344145,0.6279603526168243,0.5129467125285695,0.06351017694133226
connectivity_group,synthetic,direct_no_coordinates,disconnected,0.19558793810950148,0.07631749465704564,0.39681043449517023,0.0941312668218574,,,0.0,0.0
connectivity_group,synthetic,direct_no_fiedler,connected,0.06902800309273391,0.019547121369802117,0.11952138192401444,0.059289668186546636,-1.1758182253879492,2.2840313299954356,0.5107379003839438,0.05335955364812538
connectivity_group,synthetic,direct_no_fiedler,disconnected,0.1750899408623075,0.09221929573356771,0.37418980089790355,0.09348570394692222,,,0.0,0.0
connectivity_group,synthetic,residual_full,connected,0.04528320553540437,0.01658497435465343,0.08581798152346407,0.03776575817330575,-0.01479406389177067,0.7573468708194911,0.6707614875835186,0.13430475583958676
connectivity_group,synthetic,residual_full,disconnected,0.17093534919039374,0.05911209815929671,0.3509420209900979,0.06418536135258694,,,0.0,0.0
connectivity_group,synthetic,residual_no_coordinates,connected,0.040262539041998516,0.011985738772677798,0.08421233091566321,0.046081808873298755,-0.08382409162123998,1.2396675731753468,0.7258405884270307,0.059051369170148436
connectivity_group,synthetic,residual_no_coordinates,disconnected,0.16655992959195576,0.06048968760590078,0.3513939659905187,0.06404343415977543,,,0.0,0.0
connectivity_group,synthetic,residual_no_fiedler,connected,0.04335090869746313,0.011703514181553758,0.07855548324561916,0.02999994484460295,0.18929516126859183,0.5138270117528544,0.7120299393340255,0.04918259314290572
connectivity_group,synthetic,residual_no_fiedler,disconnected,0.17542930333074233,0.07650923554942252,0.35899785265731665,0.07697843531491223,,,0.0,0.0
connectivity_group,synthetic,spectral,connected,0.023892736837161817,0.009562179006178437,0.06608791633520103,0.02600842327562565,0.4709136278793819,0.14909166730347934,0.9640387981177547,0.010341087680398748
connectivity_group,synthetic,spectral,disconnected,0.879036615394949,0.02478116490960342,0.8988950174337355,0.023467840540279145,,,0.0,0.0
connectivity_group,synthetic,summary_mlp,connected,0.06618369873346205,0.020317663426058362,0.12057847515232564,0.04340143058143118,-0.9146349847259829,0.9541035916015356,0.37160959929197596,0.12307410057198072
connectivity_group,synthetic,summary_mlp,disconnected,0.284722026796328,0.06107226803115678,0.4556243066575859,0.050582148143474025,,,0.0,0.0
density_quartile,osm,deepsets,Q1,0.11264223640243509,0.024056484433374912,0.2144153558391552,0.0343401122844723,0.7827597161797886,0.07190789903357034,0.7549889285983238,0.04121544613762477
density_quartile,osm,deepsets,Q2,0.12126928553434405,0.025381120587363255,0.2504068327691775,0.03221977702610352,0.6738558860776808,0.0925414444085356,0.8177089003177539,0.020614666273344153
density_quartile,osm,deepsets,Q3,0.10366896372932469,0.015798891797114575,0.22397539160362748,0.022213344142559644,0.7665182697378115,0.04646180836862673,0.8091698774020651,0.019606799008166448
density_quartile,osm,deepsets,Q4,0.18237345423587797,0.02217540886838649,0.3487831997029949,0.025447864270311735,0.07337567489771242,0.15060592032722456,0.6417278454517268,0.033509175690301145
density_quartile,osm,direct_full,Q1,0.08589207152277174,0.024645813488292232,0.22647490308758034,0.04804211001219889,0.7568918923721693,0.10598389977641456,0.8696357047502724,0.023460280614041668
density_quartile,osm,direct_full,Q2,0.0955493749188701,0.0515151063782375,0.24727065650852334,0.08410270166054055,0.6833114270606044,0.23129492896474127,0.8495192439642428,0.04390310827752294
density_quartile,osm,direct_full,Q3,0.054821317550058236,0.03018489355901974,0.13384452642873337,0.07638513242700729,0.8909965924003341,0.12760683600593736,0.8794664219442323,0.023908111205285586
density_quartile,osm,direct_full,Q4,0.19803562116354678,0.015669424581492068,0.40021225600084254,0.016754378318822274,-0.842691878370031,0.07510286299437739,0.6282079843712827,0.06087125486482506
density_quartile,osm,direct_no_coordinates,Q1,0.07768684688388336,0.016563344356596236,0.21303379382237403,0.03365580596399547,0.785808535778822,0.06326268181242133,0.8594139825594105,0.024165939203737576
density_quartile,osm,direct_no_coordinates,Q2,0.09845315654223258,0.03401728825485412,0.2579181764394874,0.05681823863317154,0.6583048732727678,0.15502728248801037,0.8853594773951177,0.0435472484221477
density_quartile,osm,direct_no_coordinates,Q3,0.051569444940000375,0.024196518957485827,0.13442542539193267,0.06138549938774885,0.8982181723302185,0.0974665673502764,0.8858085190112449,0.021110538462182672
density_quartile,osm,direct_no_coordinates,Q4,0.20118154371207994,0.0247960239306001,0.3995502323556412,0.027948096156081452,-0.8395358301581073,0.20449043078189263,0.6444481506606557,0.04702253471546773
density_quartile,osm,direct_no_fiedler,Q1,0.07677995359802432,0.011705025005977043,0.2124351548665362,0.028663197719863958,0.7899223551370987,0.05556622932483855,0.8776627534610857,0.011282724422601743
density_quartile,osm,direct_no_fiedler,Q2,0.0889722305564387,0.01844382035975345,0.24914418115691803,0.03497226746339063,0.6988695862975833,0.08395531691465094,0.869583776096607,0.03771422675516334
density_quartile,osm,direct_no_fiedler,Q3,0.04598706177532105,0.018988844351100376,0.12074785976669641,0.056335102431232575,0.9173610501012943,0.07797861315603659,0.8839728219408945,0.024785258400998284
density_quartile,osm,direct_no_fiedler,Q4,0.18528427780708795,0.013151818285467924,0.3864521578983801,0.01574420041226984,-0.7312572889496016,0.2383460413000393,0.6421730846342119,0.04902281513946368
density_quartile,osm,residual_full,Q1,0.0608864711748028,0.02095846394684717,0.1842514965747711,0.045340774014695946,0.8344106466250732,0.08209148737130534,0.9020949629861741,0.0387706955149442
density_quartile,osm,residual_full,Q2,0.08872274257346516,0.02536887312941254,0.24187243330708963,0.04356329330586053,0.7063414470968896,0.1086242309046396,0.9122722549493625,0.01377886186190783
density_quartile,osm,residual_full,Q3,0.04137844485251223,0.023455233670308762,0.11671706386111491,0.06500856313055156,0.9178928691867412,0.09292601009225139,0.9450765985732176,0.01998638922078441
density_quartile,osm,residual_full,Q4,0.18898153858244895,0.015527214176462344,0.3884836509953679,0.015509549350250777,-0.7367202965362242,0.07456808725995837,0.6584928756743239,0.01445714927084875
density_quartile,osm,residual_no_coordinates,Q1,0.059427605031443065,0.013749190906948469,0.18605902336478986,0.03532469321570531,0.8348024524120273,0.05779262199165757,0.9048857600462028,0.03423659526993619
density_quartile,osm,residual_no_coordinates,Q2,0.08892931029500653,0.015758805640313282,0.2380518041908451,0.01998482112778568,0.7089724739933909,0.05104694189716196,0.9296695567292567,0.023834596535667957
density_quartile,osm,residual_no_coordinates,Q3,0.06734137000451641,0.02281031519009863,0.20295028608290927,0.049571012627803814,0.8006353558700956,0.09768356837881718,0.9136436899254676,0.018835364900411843
density_quartile,osm,residual_no_coordinates,Q4,0.1976217934099557,0.0300422818329186,0.39631494281428836,0.038652946244074685,-0.8202277822870551,0.35048913727121017,0.6553775379695532,0.023425919357587918
density_quartile,osm,residual_no_fiedler,Q1,0.05912379977896172,0.009892313472589767,0.181318161809857,0.025303324328582007,0.8448217230093809,0.04457251048458658,0.9118989116091502,0.027551767583841882
density_quartile,osm,residual_no_fiedler,Q2,0.08858628377126102,0.009359548340994898,0.24433725906358142,0.013105608638647166,0.705359000676938,0.030729810735124024,0.9073953308860763,0.028869049701056602
density_quartile,osm,residual_no_fiedler,Q3,0.041243958108231935,0.014374164295507412,0.12245818506295766,0.037039651931994,0.9258943304267959,0.04259552047610923,0.9360917679803065,0.023417500491384892
density_quartile,osm,residual_no_fiedler,Q4,0.1813487619940355,0.014202021049006761,0.37819636050223393,0.013588552114848223,-0.6551898261520996,0.1966222890411008,0.6491813306299961,0.026023796892280685
density_quartile,osm,spectral,Q1,0.4160492933235558,0.028959323542782415,0.6216910869727343,0.024038754800646316,-0.7906017127932625,0.09162306036243688,0.3764457824098737,0.05952769985542396
density_quartile,osm,spectral,Q2,0.6312376073660724,0.023081823879099492,0.7684972927112074,0.01499271766247,-2.015009992856722,0.2198522240717195,0.2903045441608841,0.09823002394673022
density_quartile,osm,spectral,Q3,0.5955319354286701,0.03615048093042908,0.7494351637553204,0.02449420954489847,-1.6888954250884365,0.2645979552248632,0.29827768764126866,0.06724084879879867
density_quartile,osm,spectral,Q4,0.6184435243885523,0.006382929314758001,0.7540995583081812,0.0054810347351202295,-1.9042332157515005,0.045775018931953806,0.31421422600362386,0.03249562356720324
density_quartile,osm,summary_mlp,Q1,0.34356186459047866,0.045273631753425955,0.5011450070108816,0.08177161756288809,-0.19422860626959712,0.3969837169669168,0.7898439850481607,0.04222783389639455
density_quartile,osm,summary_mlp,Q2,0.4516203871638769,0.11186470852470479,0.549189244972081,0.138136905876909,-0.5999748600891015,0.6754240937408368,0.8374527241952776,0.010632500271760624
density_quartile,osm,summary_mlp,Q3,0.3987887172288993,0.12997803406383765,0.5049651370719399,0.14645636042255605,-0.3060934810370467,0.6875603190060797,0.8183982456300802,0.016114893972436505
density_quartile,osm,summary_mlp,Q4,0.18769726921257984,0.06070822989039821,0.32456329281663326,0.06887459238588094,0.4420618750159406,0.24609138885904927,0.8021647563156726,0.021186905836204913
density_quartile,synthetic,deepsets,Q1,0.12622718566433697,0.04862343987020294,0.24753558198199305,0.08707641404872446,0.5693727865598914,0.17441559090964026,0.5739491179539459,0.1848609906061639
density_quartile,synthetic,deepsets,Q2,0.0840886897028085,0.03288181029236574,0.153511481070227,0.06286427000739789,0.6318903378312671,0.17128638063472384,0.274535975346059,0.27935502016058134
density_quartile,synthetic,deepsets,Q3,0.06646350600947479,0.010338088091513232,0.14636426227147858,0.011610625082662035,0.5320874149136542,0.08715474180294834,0.37471317697505685,0.18689464606250936
density_quartile,synthetic,deepsets,Q4,0.0686617662003214,0.018716614440346006,0.13902647080779262,0.05212169232715123,0.505528379761391,0.42657159084380214,0.387068452278596,0.07832503263583687
density_quartile,synthetic,direct_full,Q1,0.1066928449120709,0.05728773208407478,0.21460885247105219,0.11775452951370184,0.6352410586875111,0.22129108511639736,0.6407829550798814,0.10710042268597372
density_quartile,synthetic,direct_full,Q2,0.07860263278538818,0.0186098723322897,0.15486229065046836,0.05207458335993966,0.6145346387048407,0.18918444238651377,0.5031908771999734,0.24054003934608006
density_quartile,synthetic,direct_full,Q3,0.07697985152395628,0.04786658220650117,0.15146917991960515,0.10689851179088584,0.3375407488356876,0.9565951773750428,0.5700699538227999,0.15706720851930622
density_quartile,synthetic,direct_full,Q4,0.05389956935927579,0.00927208736810947,0.11405070167342442,0.03543047254123544,0.637582584431763,0.38738026893932453,0.5004053315023393,0.09728459391339758
density_quartile,synthetic,direct_no_coordinates,Q1,0.10103502727444429,0.052507691707861105,0.221568597395081,0.09313139601251016,0.6378823772813368,0.19485639409454808,0.6976091171651566,0.10312317702349193
density_quartile,synthetic,direct_no_coordinates,Q2,0.06748224345592051,0.026931093105018244,0.12550349153155524,0.06651483406622043,0.751256624099826,0.1720212211465601,0.5913095719129251,0.158586003427966
density_quartile,synthetic,direct_no_coordinates,Q3,0.06606792570546559,0.02475692228345638,0.12633227899374572,0.052192537596675664,0.6365425354966073,0.2765575381856909,0.5968510591185915,0.13634677611103674
density_quartile,synthetic,direct_no_coordinates,Q4,0.04993339323645993,0.008328491477601173,0.10105426608528392,0.03783637243317011,0.6546212992566778,0.39968250915866627,0.5461188285769196,0.1438989437376652
density_quartile,synthetic,direct_no_fiedler,Q1,0.10752964271437324,0.05895692282705257,0.21607034668648942,0.12098776679500588,0.6267436516306754,0.23852237306005453,0.7015689221035547,0.09793341242322263
density_quartile,synthetic,direct_no_fiedler,Q2,0.07682791468347196,0.025026370290654517,0.14040157955300248,0.05964211846756473,0.6833661625023602,0.16608283228913526,0.6003045240090031,0.16289837064884105
density_quartile,synthetic,direct_no_fiedler,Q3,0.08263787238080221,0.05450187557142324,0.14663794273064384,0.11925012130829821,0.3202570913127992,1.0860823574245573,0.601526812172275,0.13223537762850768
density_quartile,synthetic,direct_no_fiedler,Q4,0.05703441224746233,0.012510299061110125,0.1029876640606359,0.040384917301067635,0.6606355756304019,0.3909028746122896,0.5400704248069025,0.12464377734952939
density_quartile,synthetic,residual_full,Q1,0.09237821494993648,0.050265005637659295,0.20956033905452168,0.08807279817046373,0.6879098422628322,0.16792806129203425,0.7945936736716153,0.08477833534652222
density_quartile,synthetic,residual_full,Q2,0.05477589065329173,0.019817827387190495,0.11400700112923627,0.05792703069534997,0.7972564466524069,0.11795866343110174,0.794569524286494,0.06686972478648835
density_quartile,synthetic,residual_full,Q3,0.04970208560160328,0.02579306350047341,0.10027522693215907,0.04761686459749468,0.751735164344101,0.2367311852135261,0.7464146066295619,0.13700327479630298
density_quartile,synthetic,residual_full,Q4,0.03674930494541011,0.012261508001877013,0.06752455102934182,0.023856713525133834,0.7842159422853705,0.2510849956147518,0.6654736491683776,0.23087870990737636
density_quartile,synthetic,residual_no_coordinates,Q1,0.08309064061829476,0.05012450675173086,0.19752062587505606,0.09512335838415123,0.7217852567597008,0.18064867915456662,0.8205354051176276,0.06701277276782283
density_quartile,synthetic,residual_no_coordinates,Q2,0.04693377110851009,0.020522042614418274,0.09569880952033968,0.05308533598031535,0.8501630352932207,0.10943707945515005,0.7991053657392876,0.07267969740117387
density_quartile,synthetic,residual_no_coordinates,Q3,0.054354501050659934,0.035916108222880286,0.1261050295085841,0.09617148941336497,0.5323798261610535,0.6837076604030086,0.7901361714892919,0.07805091980070894
density_quartile,synthetic,residual_no_coordinates,Q4,0.0309207602734348,0.010404271289438945,0.06322090591504413,0.028386983624452536,0.8281922093833772,0.24035649765108744,0.7545707501812079,0.09780883807124718
density_quartile,synthetic,residual_no_fiedler,Q1,0.09018320659088387,0.04514632119201883,0.20443748392660824,0.08463199522678955,0.7088732152364879,0.15441238085859949,0.8038174754116625,0.07991865779756839
density_quartile,synthetic,residual_no_fiedler,Q2,0.055441910685714045,0.022571470809927566,0.10935383429273307,0.05281417365305492,0.8071896137051506,0.10940788789773341,0.7812094131243377,0.08074727777091219
density_quartile,synthetic,residual_no_fiedler,Q3,0.04613294740446064,0.01572174446272674,0.10138699142866733,0.05233554900719625,0.7488541293454402,0.2552409347386186,0.7826160214529079,0.07533140931076304
density_quartile,synthetic,residual_no_fiedler,Q4,0.0365552455635196,0.007666695782704765,0.07169018697031561,0.02810471663405733,0.8166573951372124,0.23202741582707112,0.7373331111749811,0.10114454403199634
density_quartile,synthetic,spectral,Q1,0.20373281470814103,0.0897509956992849,0.4066540391143734,0.10940507758820267,-0.13175815037313432,0.23712297366390328,0.7346514282253521,0.13513123440727498
density_quartile,synthetic,spectral,Q2,0.09308993642674138,0.028182359158729204,0.25198815442859407,0.05763965196460435,0.04651267366784582,0.12106254677467983,0.8870683341800399,0.09012086817744673
density_quartile,synthetic,spectral,Q3,0.05992065831002362,0.020748221750014378,0.19532667126932696,0.03596414751552929,0.1892809141156696,0.11738704666093733,0.9554904641227744,0.009052625609250985
density_quartile,synthetic,spectral,Q4,0.07026202860748951,0.052073308961796974,0.19565240266274833,0.12406619788397821,0.3486347219722937,0.2960869372405717,0.9569968686721364,0.03706857254537378
density_quartile,synthetic,summary_mlp,Q1,0.12407246702399158,0.04310403481060935,0.2407320476339502,0.06762028218831333,0.5975560041355676,0.10603646375088038,0.6206129574438171,0.17712859306415477
density_quartile,synthetic,summary_mlp,Q2,0.08757340309985003,0.038427518998350674,0.15877888702950252,0.07996619202421404,0.6096589464851354,0.2336143529724076,0.44266379177703385,0.22626729602737233
density_quartile,synthetic,summary_mlp,Q3,0.07210276277302548,0.014862520289203603,0.16383937179462546,0.027296412812926926,0.4118107655941617,0.1618176160477513,0.5406535999550249,0.17237502903281138
density_quartile,synthetic,summary_mlp,Q4,0.06259936254387555,0.022155016882271,0.1319406512901459,0.05810032966951057,0.6001878518880888,0.3132905581938579,0.4476573623009445,0.20125004244058858
failure_count_group,osm,deepsets,1,0.10456567149142668,0.022446373512395656,0.24989487927233783,0.05094084965588778,0.575855634658477,0.1739263976821154,0.39861186597449116,0.1591998545464779
failure_count_group,osm,deepsets,2-3,0.133328919063241,0.01698560155930542,0.2806200175851221,0.02299808474687327,0.6321586555684184,0.052615427185675544,0.6887023728091661,0.04264464605761779
failure_count_group,osm,deepsets,4-5,0.12833312608640185,0.009987546053717027,0.25638684869983824,0.012824184479919442,0.6404748988766447,0.035838098343973106,0.7590576529512952,0.01055212250287502
failure_count_group,osm,deepsets,6+,0.13448058227199838,0.03192580907905447,0.2609916652052461,0.03580172030186387,0.4911127877821488,0.15729914552567842,0.7029996009615472,0.009957932876767588
failure_count_group,osm,direct_full,1,0.09807328260061214,0.029417577162304306,0.25710216337230846,0.04447957567650188,0.5576386430119866,0.1436995392591571,0.6297946177217331,0.08923701801038232
failure_count_group,osm,direct_full,2-3,0.12211562975324126,0.007488565329984102,0.29507091544699104,0.012970809240940915,0.5946037074279736,0.026385994214168224,0.778533133456263,0.057222472117492824
failure_count_group,osm,direct_full,4-5,0.09846280385688075,0.03835958494403565,0.25082454159524187,0.06067396859596008,0.641493578702974,0.18769175910446784,0.8116961917206181,0.044806652282378956
failure_count_group,osm,direct_full,6+,0.09656088699320597,0.05862662050417075,0.24032649488996927,0.09152175301150338,0.5328621033241948,0.3930519337119379,0.7471138147129907,0.07503547349114703
failure_count_group,osm,direct_no_coordinates,1,0.0963872313520215,0.026458641272341567,0.2582827548816381,0.046240071271093856,0.5526642889915798,0.15166846946706153,0.65019198323589,0.04469555584031106
failure_count_group,osm,direct_no_coordinates,2-3,0.12041850674616852,0.005369146157588614,0.29299696655836327,0.01254354890434038,0.6003947469698672,0.023305689089988712,0.7974935775446111,0.02868705272448649
failure_count_group,osm,direct_no_coordinates,4-5,0.09907821575503292,0.02535450435929862,0.2543797790988645,0.0398603852693357,0.6397896462054262,0.12154143318495726,0.8338869656154868,0.052380306611727
failure_count_group,osm,direct_no_coordinates,6+,0.09901746492124315,0.04881532409795113,0.25001815923384074,0.07736246170360667,0.5098636489340379,0.3054434890321133,0.7889065862033681,0.09515584857096712
failure_count_group,osm,direct_no_fiedler,1,0.09912643799027884,0.025949196226572338,0.25580128371056565,0.04587859799438903,0.5609033148457245,0.15087292275510458,0.6410151583656415,0.05159098117828733
failure_count_group,osm,direct_no_fiedler,2-3,0.11985653249444936,0.006473630640239243,0.2909525519855082,0.01081835097006144,0.6055406397487563,0.028279735620606233,0.7996995524712934,0.01960874858228234
failure_count_group,osm,direct_no_fiedler,4-5,0.083507707648137,0.01719642879105263,0.23082464398450542,0.030953474203300434,0.7065879536859723,0.07002132987005641,0.8244916398739338,0.03931268176545824
failure_count_group,osm,direct_no_fiedler,6+,0.08197700716053088,0.021851357693977246,0.23139039285919435,0.04437619722888202,0.5969383388327558,0.15784426148387307,0.7722802788171185,0.07467454146064498
failure_count_group,osm,residual_full,1,0.08969951465998646,0.024333718568245396,0.2543311592823308,0.04615080373990394,0.56592426019782,0.14879246005341595,0.7430090794985522,0.09132945477314953
failure_count_group,osm,residual_full,2-3,0.11645958524563862,0.007992542688165745,0.28772826305118354,0.01155959312889282,0.61427462107211,0.027980079966396516,0.8829392505092184,0.017429321094459063
failure_count_group,osm,residual_full,4-5,0.08915980304417515,0.03332029164299135,0.23746582753308648,0.05445737802213903,0.6803799009184048,0.15510188715227616,0.8884776963224041,0.03765015344287239
failure_count_group,osm,residual_full,6+,0.08099450511806072,0.042261886340082946,0.22518334587073047,0.07039980686364954,0.6028833616347415,0.2701424324266672,0.8633460880802053,0.06936811898751574
failure_count_group,osm,residual_no_coordinates,1,0.08949399375910212,0.02585066692705191,0.2556401294249382,0.04894102442343294,0.5598801494709734,0.16052720776926876,0.7705237196807135,0.05265626101137097
failure_count_group,osm,residual_no_coordinates,2-3,0.11644826057751582,0.005319826932037546,0.2892238095011014,0.012997879407884508,0.61063804764002,0.023820109575252952,0.8815091862858797,0.020941559321458806
failure_count_group,osm,residual_no_coordinates,4-5,0.09147511705478584,0.016187465941756404,0.24575863059158637,0.02776857655502105,0.6646104193730945,0.08879148051754719,0.8898853266137919,0.023683473255828372
failure_count_group,osm,residual_no_coordinates,6+,0.08600315794952265,0.03761092669611185,0.2368269739156447,0.0649734787272356,0.5656189533737385,0.2492652410845223,0.8439981529527879,0.0683581992103616
failure_count_group,osm,residual_no_fiedler,1,0.08905549688899177,0.024916017188449813,0.25374693383588265,0.04750604642210998,0.5681775010413885,0.14636332278231357,0.8049832377282605,0.06763969312448276
failure_count_group,osm,residual_no_fiedler,2-3,0.11441876684521532,0.007152753337159177,0.2865110062384867,0.009753072916038273,0.6176824532727535,0.022441176978849568,0.8899312419753986,0.02121493037073046
failure_count_group,osm,residual_no_fiedler,4-5,0.08185013243813044,0.017879998747316928,0.22447839931298663,0.028102341465903853,0.723311812364362,0.056856786860678396,0.8847936047493627,0.049152550559847664
failure_count_group,osm,residual_no_fiedler,6+,0.06865059813195787,0.009533150431194449,0.2031236506856151,0.016768179728224322,0.6982838964532794,0.04244164098739953,0.8399358635568646,0.062252074680355124
failure_count_group,osm,spectral,1,0.22164992118980836,0.026926397567328852,0.4476719126959032,0.03227537351677774,-0.309783837947714,0.04540764878751469,0.4561340109987656,0.10325210892796614
failure_count_group,osm,spectral,2-3,0.44300385388719576,0.0303251287474656,0.6375398703107166,0.027752198748891337,-0.8911229238530002,0.09281572908301089,0.280029479831248,0.033922527351690476
failure_count_group,osm,spectral,4-5,0.6603451471182741,0.023439469379947286,0.7837994259250282,0.014681809425625277,-2.3626370606341087,0.3000938223377688,0.15440540723209603,0.0253943584275308
failure_count_group,osm,spectral,6+,0.7557154622685467,0.012369275360480013,0.8414082871818934,0.00740556837689084,-4.170734410853713,0.32716193471086213,-0.010980193430976714,0.04599505738727917
failure_count_group,osm,summary_mlp,1,0.14983219788288796,0.029155976958666105,0.31944481772967304,0.04014913773709183,0.3268109189778833,0.14306803120396944,0.6079850382333091,0.06622991193884802
failure_count_group,osm,summary_mlp,2-3,0.24710038694305103,0.023509070641600058,0.4042606063759412,0.045216405490219914,0.23041818743938816,0.17732288557267264,0.745229391210073,0.01899325125313735
failure_count_group,osm,summary_mlp,4-5,0.32905984124025656,0.07752681052956158,0.4648451583355208,0.10276861189990272,-0.22042058173754583,0.49576401180667423,0.768566239751297,0.017807815349451566
failure_count_group,osm,summary_mlp,6+,0.4186437549318846,0.1416363603346422,0.5146586649269149,0.15198940629903934,-1.0376536305523876,1.031954980055564,0.7046057876327956,0.02085583098908444
failure_count_group,synthetic,deepsets,1,0.04508637711822668,0.02350289679198599,0.10121676183075609,0.07135783976443369,-3.2679014408353053,4.814736086885286,0.07120997607305923,0.10789902286439026
failure_count_group,synthetic,deepsets,2-3,0.06118520183232081,0.01730165554682299,0.13834519188039493,0.058550520976728276,-0.6789079685524362,2.853319839203147,0.3010673014466201,0.06053312763749738
failure_count_group,synthetic,deepsets,4-5,0.09839257794949965,0.029943674614668184,0.18505015632155883,0.070407842123567,0.5533278949460384,0.175364498591327,0.2924615681518613,0.16828980387287892
failure_count_group,synthetic,deepsets,6+,0.10835008395094976,0.027645068812766026,0.21044961224305897,0.050681950476769905,0.6334505027048918,0.11234206867571961,0.42492212815282115,0.15382612860287626
failure_count_group,synthetic,direct_full,1,0.04211918456058132,0.015444885460713794,0.1045560930568957,0.07228581794918588,-8.365466563583032,17.9837727589889,0.21142414141953694,0.12390985469608129
failure_count_group,synthetic,direct_full,2-3,0.05432319530015998,0.011724226294801635,0.14873207563981136,0.029815538951076467,-6.548777511247129,16.026787532782038,0.3307674694260175,0.14585664593473655
failure_count_group,synthetic,direct_full,4-5,0.08722078539956432,0.024397881660515097,0.18750171805107033,0.05687857105893349,0.5320554498584968,0.18345129722225392,0.4186493575025431,0.13015149546631527
failure_count_group,synthetic,direct_full,6+,0.10114270981316001,0.0319644335029346,0.1878944779791365,0.07262477318419398,0.65868227642169,0.3033513145885533,0.5650121095541895,0.059277163552913736
failure_count_group,synthetic,direct_no_coordinates,1,0.036003543006955366,0.017529689506328407,0.09794072155281475,0.07887163325641347,-1.8902792762130194,3.9727728454430364,0.21002519171562373,0.12562029782260126
failure_count_group,synthetic,direct_no_coordinates,2-3,0.047730280487894586,0.012024716947828765,0.13615624709389063,0.038729681175101935,-2.510837182937419,7.055915006008469,0.41957037994118423,0.12008420554736748
failure_count_group,synthetic,direct_no_coordinates,4-5,0.08312899046737603,0.022317146660946148,0.1831637787070243,0.048494686242799186,0.5647029124659161,0.08241466541853197,0.44946508918227457,0.14123759981188283
failure_count_group,synthetic,direct_no_coordinates,6+,0.08935820136874853,0.01657420027756328,0.161391081191199,0.04044190612753457,0.7666056205281292,0.12438449983191692,0.6064448777543936,0.1013953339885628
failure_count_group,synthetic,direct_no_fiedler,1,0.04382176751065221,0.02064746534152448,0.09976304446155668,0.0763704421647835,-2.493979461913603,4.398141179226688,0.1634358732187518,0.17124985795269324
failure_count_group,synthetic,direct_no_fiedler,2-3,0.058412201022292595,0.016538381053423434,0.14823168362994246,0.026431667549549582,-8.421979130687415,20.263543261204127,0.40910779679739395,0.09445463216495174
failure_count_group,synthetic,direct_no_fiedler,4-5,0.08904273127385817,0.030549103324957864,0.17471125594989684,0.06818109721107288,0.599824630228839,0.19904834741924407,0.45366671289789895,0.12171512496621388
failure_count_group,synthetic,direct_no_fiedler,6+,0.10123169040140494,0.037629822639703096,0.18308545643285068,0.0864684584468196,0.6515421736764333,0.37502412321297546,0.6072875706126235,0.11375141981583627
failure_count_group,synthetic,residual_full,1,0.01800395798769828,0.009074263128450373,0.050166152040254916,0.05300673236180942,-0.16561724994124466,1.3737021287095272,0.4966343632075101,0.1955102520473122
failure_count_group,synthetic,residual_full,2-3,0.04023380611453535,0.014924625205877553,0.12285267871314756,0.04747661514088549,-0.5612880826522868,2.7795852368658305,0.6254110907818585,0.261441325552655
failure_count_group,synthetic,residual_full,4-5,0.0681712835670354,0.027413250199817916,0.14960917132599139,0.06040968514895004,0.7183638919863059,0.12507353035325133,0.6759712081456442,0.18406897216412718
failure_count_group,synthetic,residual_full,6+,0.07633956173905034,0.02865620073750792,0.14919311036629315,0.05614960535038486,0.7889137030721521,0.1721197566444848,0.7553808851484385,0.1707015551647166
failure_count_group,synthetic,residual_no_coordinates,1,0.013074235919279299,0.011754081458494456,0.04444563328386856,0.055555927522473326,0.6917283842216649,0.2535522429260004,0.5012249642487,0.1868023952450972
failure_count_group,synthetic,residual_no_coordinates,2-3,0.03157112879711509,0.011747352949270448,0.12275506863777144,0.026276810742386705,-6.326024441132182,15.842139178098332,0.7161592855921007,0.1322408172341693
failure_count_group,synthetic,residual_no_coordinates,4-5,0.0647553219943425,0.023548118248266456,0.15610738833078439,0.059848097764223084,0.6936854225302269,0.12286171045531633,0.7551090500297415,0.09639267853819765
failure_count_group,synthetic,residual_no_coordinates,6+,0.07395494497569076,0.02550611227582297,0.15013660807303308,0.06928519535431221,0.774603056291226,0.21680526056175933,0.806236813004172,0.07938459319865243
failure_count_group,synthetic,residual_no_fiedler,1,0.01514980510212487,0.011495425095754115,0.04654682433064563,0.053262352039730045,-0.049698439035613176,1.8492588310592217,0.5754670389714864,0.13485756521073516
failure_count_group,synthetic,residual_no_fiedler,2-3,0.03391760365446045,0.017866101279281066,0.11028912748179867,0.061683297132537986,0.6760559264939243,0.1041119706375892,0.7237742159590999,0.0944448191798875
failure_count_group,synthetic,residual_no_fiedler,4-5,0.07101046013771342,0.025377588371416834,0.15971342333830382,0.05584508473209311,0.6759667920737573,0.11673522330644726,0.7330586835367648,0.08325454627054751
failure_count_group,synthetic,residual_no_fiedler,6+,0.07618494802928502,0.015570708075535306,0.14371467066433885,0.04854224995125986,0.8115294423810484,0.11903012147231135,0.7840775804995413,0.07428971363103208
failure_count_group,synthetic,spectral,1,0.010286720800575608,0.011884701844309927,0.04323914719092343,0.05706724546172258,0.8034109720552755,0.21503099865556757,0.9901200906373319,0.003464790119078655
failure_count_group,synthetic,spectral,2-3,0.057926178444021724,0.03617300243177962,0.191436633505715,0.10925461824674691,0.24231967692628223,0.2954824588985535,0.950606637871721,0.02391823664870636
failure_count_group,synthetic,spectral,4-5,0.10213668162579662,0.040371066949189835,0.2662643224719264,0.07649110649809206,0.10019099326051736,0.17193532751215823,0.8518181389387414,0.09198487283384621
failure_count_group,synthetic,spectral,6+,0.17497812421532394,0.05834427447529431,0.3667891559830786,0.07020784498626464,-0.09350088286373197,0.13689842626594795,0.7311917679012281,0.08136840999425213
failure_count_group,synthetic,summary_mlp,1,0.036147384571880166,0.01903535624738023,0.09861221386031231,0.07515979975884651,-2.8388291416187834,5.6522663892507214,0.19077551419633945,0.08104362133778184
failure_count_group,synthetic,summary_mlp,2-3,0.05568579897337086,0.02402739458110166,0.13434836249783136,0.06717623236713466,0.04940758411145345,1.246434697720681,0.312592047403258,0.11281855280191738
failure_count_group,synthetic,summary_mlp,4-5,0.10244622527055298,0.03681961949915656,0.1945124450598726,0.06688063920347914,0.5178450848325271,0.14198374506165415,0.32376516029900404,0.2350950758607725
failure_count_group,synthetic,summary_mlp,6+,0.11286466981295218,0.026485669895954644,0.21168082699152077,0.03613202067411259,0.631493152580512,0.061967691876831946,0.4307451286612526,0.15759005480926203
