seed,domain,failure_mode,model,mae,rmse,r2,spearman
11,synthetic,independent,direct_full,0.10894510422396939,0.25918565726608805,-0.961716616388544,0.5699577045699736
11,synthetic,spatial_cluster,direct_full,0.07559288086279471,0.16374683331370343,0.6613597198435122,0.6400233515096535
11,osm,independent,direct_full,0.10423017905523423,0.2597942606946464,0.6838892642938922,0.8637722834373448
11,osm,spatial_cluster,direct_full,0.08012995442420225,0.23308212876841278,0.7209727613753198,0.8941842956646114
11,synthetic,independent,direct_no_fiedler,0.11785232198320364,0.26239951647205956,-1.0106681638926691,0.5664444819125646
11,synthetic,spatial_cluster,direct_no_fiedler,0.08443471416824216,0.18488125276517056,0.5683034823105136,0.6405409786285846
11,osm,independent,direct_no_fiedler,0.10351658950025842,0.2580574754471586,0.6881016846091881,0.8685643703594887
11,osm,spatial_cluster,direct_no_fiedler,0.07417485769364573,0.22416356087434225,0.7419174251163274,0.925757282660965
11,synthetic,independent,direct_no_coordinates,0.07142860814222442,0.15380257718720614,0.3092171191738623,0.5719856654277468
11,synthetic,spatial_cluster,direct_no_coordinates,0.06735320026664854,0.14090579369622025,0.7492444835323937,0.6313452807506587
11,osm,independent,direct_no_coordinates,0.11009163513140731,0.27315901074063864,0.6505289515285255,0.8674125739330354
11,osm,spatial_cluster,direct_no_coordinates,0.07653868177207188,0.22646538906388772,0.7365899596578949,0.9291660054770691
11,synthetic,independent,residual_full,0.06417430485378867,0.13620897913581317,0.4582164473900803,0.5801654913807763
11,synthetic,spatial_cluster,residual_full,0.08028282213949182,0.16838707544407186,0.6418950673636328,0.5007913699309013
11,osm,independent,residual_full,0.09805969569911528,0.2519760864048127,0.7026288768196247,0.8921528792499034
11,osm,spatial_cluster,residual_full,0.07145076389889943,0.22325401819876303,0.7440075140884348,0.9257799467421854
11,synthetic,independent,residual_no_fiedler,0.054718437265241913,0.14183156154994192,0.4125646064969698,0.770694143673326
11,synthetic,spatial_cluster,residual_no_fiedler,0.05544134609385821,0.13155380746697282,0.7814254268241199,0.7513847944641732
11,osm,independent,residual_no_fiedler,0.09743634835925799,0.25544807536542574,0.6943774392319737,0.895253055577728
11,osm,spatial_cluster,residual_no_fiedler,0.0819363651986592,0.24046336044288763,0.7030204988665263,0.9158812073340704
11,synthetic,independent,residual_no_coordinates,0.07637878411244614,0.20858454852679656,-0.27051152262238665,0.6941052811520084
11,synthetic,spatial_cluster,residual_no_coordinates,0.052431630440437464,0.13372629057085175,0.7741467259545232,0.7613090719486652
11,osm,independent,residual_no_coordinates,0.10125366951552889,0.2594505044867146,0.6847252576331152,0.8832444907917097
11,osm,spatial_cluster,residual_no_coordinates,0.0821692206615559,0.24265474846159757,0.6975829740907786,0.9187491684608875
11,synthetic,independent,deepsets,0.0553342347907055,0.129332157244576,0.5115418234055478,0.42823161739244053
11,synthetic,spatial_cluster,deepsets,0.07706499713080855,0.1566634438518046,0.690023954699145,0.5688199810757884
11,osm,independent,deepsets,0.10641069444265142,0.25275841759152673,0.7007794643644465,0.7818957429510313
11,osm,spatial_cluster,deepsets,0.1097915027837983,0.23560730205688848,0.7148941413553398,0.7927988981692307
11,synthetic,independent,summary_mlp,0.04991953321675213,0.1425714099407747,0.40642004063166115,0.5954589730025956
11,synthetic,spatial_cluster,summary_mlp,0.07004992252112847,0.14169597138710113,0.746424202224931,0.6309718416098704
11,osm,independent,summary_mlp,0.32827034003274697,0.49965647664899443,-0.16929255064663873,0.8256588137444364
11,osm,spatial_cluster,summary_mlp,0.45471857928071396,0.595886545740781,-0.8237101236168203,0.7878761737677302
11,synthetic,independent,spectral,0.04346267667297629,0.1591980572556778,0.2599009139612056,0.951242295481518
11,synthetic,spatial_cluster,spectral,0.10887870045239469,0.2836524327092063,-0.016168714879599033,0.8255420293146098
11,osm,independent,spectral,0.46552882385653865,0.6474570889089089,-0.9633698654594101,0.45283168433688453
11,osm,spatial_cluster,spectral,0.6588227500103008,0.7895524847476769,-2.2017738891307035,0.29642695825692017
22,synthetic,independent,direct_full,0.07301764410775399,0.13154131898541144,0.6031501522419318,0.520192593247745
22,synthetic,spatial_cluster,direct_full,0.057673828310658884,0.12550073456016195,0.7734150348547382,0.4830435670948121
22,osm,independent,direct_full,0.10415379498882522,0.2583798389271326,0.6835508687001814,0.8762542968516079
22,osm,spatial_cluster,direct_full,0.07409421074040855,0.22333172225036804,0.7480636369497848,0.8770264126761701
22,synthetic,independent,direct_no_fiedler,0.05927759829595349,0.11987015346057497,0.6704479966138532,0.5183754971003479
22,synthetic,spatial_cluster,direct_no_fiedler,0.05202373542581315,0.11358430458374455,0.8144011843526779,0.4912044318814179
22,osm,independent,direct_no_fiedler,0.10869009347959391,0.2698912502779584,0.6547256853475348,0.8749200386921469
22,osm,spatial_cluster,direct_no_fiedler,0.08869040041935218,0.24963019714772025,0.6852365731003766,0.866812698435445
22,synthetic,independent,direct_no_coordinates,0.060368790392939596,0.12008622988340625,0.6692588332455267,0.5212621695324524
22,synthetic,spatial_cluster,direct_no_coordinates,0.059708215394905076,0.15390134391957067,0.6592597966712426,0.47623563578418837
22,osm,independent,direct_no_coordinates,0.10305048391650824,0.2567724166720577,0.6874759824230747,0.8700575277527307
22,osm,spatial_cluster,direct_no_coordinates,0.07233062228675698,0.21780877303841414,0.7603702345833271,0.9074051973576575
22,synthetic,independent,residual_full,0.039351605792989894,0.08161897304611443,0.8472138154681818,0.7734168718018773
22,synthetic,spatial_cluster,residual_full,0.03502428070124873,0.10715324302391957,0.8348231449409902,0.6661479008481236
22,osm,independent,residual_full,0.1036359965746224,0.2584709951784848,0.6833275431872134,0.8974576484395368
22,osm,spatial_cluster,residual_full,0.07569905508688567,0.22425929018325086,0.7459665467580915,0.9004491886980314
22,synthetic,independent,residual_no_fiedler,0.04044885079615092,0.07833251616162511,0.8592702269090748,0.7654164580950584
22,synthetic,spatial_cluster,residual_no_fiedler,0.03894062806639496,0.1198465649168574,0.793371732169272,0.6868161394353917
22,osm,independent,residual_no_fiedler,0.10298751834004995,0.261121876758979,0.6767986408309783,0.8950038050309478
22,osm,spatial_cluster,residual_no_fiedler,0.0821640851746725,0.2318108942834217,0.7285700852569387,0.9022444082343368
22,synthetic,independent,residual_no_coordinates,0.0369141295194648,0.0786319073778098,0.8581924171358025,0.8016619057934545
22,synthetic,spatial_cluster,residual_no_coordinates,0.03520612285750877,0.10452653247833602,0.8428220425510026,0.7251827227688389
22,osm,independent,residual_no_coordinates,0.09902595813852434,0.24858769293976193,0.7070821018784516,0.899289052961488
22,osm,spatial_cluster,residual_no_coordinates,0.06980071037301101,0.20999485441272658,0.7772553242940047,0.8970712649339242
22,synthetic,independent,deepsets,0.06648383888372514,0.12304425049871492,0.652764208565008,0.3612459633389688
22,synthetic,spatial_cluster,deepsets,0.09187563951756253,0.15857520018236418,0.6382495414159044,0.5031918919478638
22,osm,independent,deepsets,0.11290228384845738,0.26127300298124684,0.6764244222053997,0.778652537013748
22,osm,spatial_cluster,deepsets,0.16991823917491894,0.3039233507867324,0.5334285472211058,0.8001296943193247
22,synthetic,independent,summary_mlp,0.05651089777802296,0.12380602235264362,0.6484513981529763,0.4285376951571575
22,synthetic,spatial_cluster,summary_mlp,0.07517551833725707,0.15079116508821164,0.6728926163984386,0.4606258150249894
22,osm,independent,summary_mlp,0.2582450052033454,0.38993773952328864,0.27926236396615545,0.8303527094622148
22,osm,spatial_cluster,summary_mlp,0.2767709199419073,0.38623306429191107,0.2464901654668703,0.8185640800804594
22,synthetic,independent,spectral,0.060980160915457694,0.19386231751426738,0.1380369805353262,0.9327985559675003
22,synthetic,spatial_cluster,spectral,0.07697065767754065,0.23565349308873226,0.2011112285925193,0.9572864704004074
22,osm,independent,spectral,0.5073924862041328,0.679624491966787,-1.189397935448247,0.32808245968261845
22,osm,spatial_cluster,spectral,0.638706829772136,0.7739410457623065,-2.0255601083659514,0.32091096704075434
33,synthetic,independent,direct_full,0.0770149945734022,0.13519438307155338,0.6911381377939578,0.39842751758068884
33,synthetic,spatial_cluster,direct_full,0.10921118063294438,0.22279426131139,0.6764142406395677,0.446791270338963
33,osm,independent,direct_full,0.115412217386668,0.2766378008771759,0.6395835153172014,0.7738875178932837
33,osm,spatial_cluster,direct_full,0.08463248319583175,0.20529181675240926,0.7846063412477674,0.7917409338774988
33,synthetic,independent,direct_no_fiedler,0.059862785505224045,0.08730005380453112,0.8712118182891446,0.6682039758862992
33,synthetic,spatial_cluster,direct_no_fiedler,0.10103523241658505,0.21203548187400736,0.7069116990312934,0.7475487341270342
33,osm,independent,direct_no_fiedler,0.10626317767349121,0.2657579464743287,0.6673755893987006,0.8651261430506244
33,osm,spatial_cluster,direct_no_fiedler,0.07772740727580413,0.22566215881114987,0.7397401864474693,0.8208324989998192
33,synthetic,independent,direct_no_coordinates,0.05840530545576517,0.08707387046280973,0.8718783013969409,0.721598469577909
33,synthetic,spatial_cluster,direct_no_coordinates,0.0977833148777583,0.21382344419567328,0.7019479991239741,0.7336673087659685
33,osm,independent,direct_no_coordinates,0.10791973351228043,0.2691230392002083,0.6588987140928501,0.8369576139784133
33,osm,spatial_cluster,direct_no_coordinates,0.13201978076321128,0.29357704808755225,0.5595122491931258,0.8101890126195848
33,synthetic,independent,residual_full,0.038525574286901745,0.06689673747266976,0.9243764841018094,0.8870590796737855
33,synthetic,spatial_cluster,residual_full,0.0839250107074832,0.2005623427883618,0.737771320354978,0.8730588264656391
33,osm,independent,residual_full,0.09923197153421505,0.2609182405391033,0.679380094388405,0.903642135453704
33,osm,spatial_cluster,residual_full,0.07476144683190043,0.2151427242420682,0.7634390996696419,0.8933373573755001
33,synthetic,independent,residual_no_fiedler,0.04380768477932357,0.06688957667246945,0.9243926731096784,0.889994079106148
33,synthetic,spatial_cluster,residual_no_fiedler,0.08090348916100706,0.18055041642229835,0.7874904806347358,0.8476535768757834
33,osm,independent,residual_no_fiedler,0.0971658221813415,0.2571716539264116,0.6885217003514013,0.9139971166828069
33,osm,spatial_cluster,residual_no_fiedler,0.057793045006719994,0.19422079884043397,0.8072115066159906,0.9354947493802684
33,synthetic,independent,residual_no_coordinates,0.029929114344313015,0.06508255263158334,0.9284225626600137,0.8945584393392599
33,synthetic,spatial_cluster,residual_no_coordinates,0.07054547108401961,0.19418152093439592,0.7541913299883065,0.8691478847733483
33,osm,independent,residual_no_coordinates,0.10339472185417861,0.2701753457142255,0.6562259970815758,0.899490141336609
33,osm,spatial_cluster,residual_no_coordinates,0.14590407721218712,0.3413389881732662,0.40452788247793847,0.8601328518418884
33,synthetic,independent,deepsets,0.07697815949971884,0.18761323660618467,0.40519591786429554,0.3357017852176876
33,synthetic,spatial_cluster,deepsets,0.1375451562013802,0.255634832558134,0.5739883651385975,0.6801009645356517
33,osm,independent,deepsets,0.1282291888351306,0.28357233372512525,0.6212877841451885,0.7202321294716101
33,osm,spatial_cluster,deepsets,0.1717854625199159,0.2872391353319664,0.5783259660030143,0.7856311658721378
33,synthetic,independent,summary_mlp,0.07945199695931235,0.17583707004867616,0.47752217117548157,0.6570516245368082
33,synthetic,spatial_cluster,summary_mlp,0.14046668072395813,0.24865485114516422,0.5969348280286944,0.7657347383615184
33,osm,independent,summary_mlp,0.28538278191371536,0.4342813564396617,0.11177299977166155,0.8196452465435328
33,osm,spatial_cluster,summary_mlp,0.33864319595124814,0.4662498293159142,-0.11103312878219551,0.806837759806143
33,synthetic,independent,spectral,0.08183995710531751,0.23591083767097165,0.05953470398880789,0.9311621425363478
33,synthetic,spatial_cluster,spectral,0.21244912930204424,0.4158140132110435,-0.12714462073142463,0.7554687215270184
33,osm,independent,spectral,0.5276907611043569,0.695704265389235,-1.2794545198006921,0.4012047029494715
33,osm,spatial_cluster,spectral,0.6525148085967628,0.7839153567691219,-2.1407110451171008,0.3172037696833416
44,synthetic,independent,direct_full,0.09088079886396425,0.22216131022571076,0.4799159684798099,0.7267702922585518
44,synthetic,spatial_cluster,direct_full,0.08008460903139712,0.19462665484942107,0.7320237762549253,0.6333111148758962
44,osm,independent,direct_full,0.09520373446977737,0.2540914723435442,0.7008090339271233,0.8506135049000099
44,osm,spatial_cluster,direct_full,0.07794098002614276,0.23489067011827788,0.7262536931814538,0.8201878285268408
44,synthetic,independent,direct_no_fiedler,0.10575035287720168,0.22932327394415986,0.44584286391280226,0.7266060499453955
44,synthetic,spatial_cluster,direct_no_fiedler,0.09695294069363423,0.19844576620248297,0.7214037272383698,0.644716364174265
44,osm,independent,direct_no_fiedler,0.09639062457754735,0.25181229014366435,0.706152403957957,0.8563471575952682
44,osm,spatial_cluster,direct_no_fiedler,0.07939629968399996,0.22937776388509415,0.7389526047042358,0.8181338046650617
44,synthetic,independent,direct_no_coordinates,0.0883995714149601,0.20989344948901162,0.5357686841979217,0.7271910278050666
44,synthetic,spatial_cluster,direct_no_coordinates,0.07866623328147603,0.18901140563751342,0.7472636843722422,0.6336956034404381
44,osm,independent,direct_no_coordinates,0.0951482493825159,0.2536624988310837,0.7018184079002201,0.888498615279472
44,osm,spatial_cluster,direct_no_coordinates,0.07768191490821555,0.23446457614689145,0.7272459493355063,0.8437090632059404
44,synthetic,independent,residual_full,0.08460238265822333,0.19946171730639012,0.5807667004796526,0.8695309129054134
44,synthetic,spatial_cluster,residual_full,0.06706266785743335,0.15546733039698452,0.8290103164227041,0.7837565073803681
44,osm,independent,residual_full,0.084231784666528,0.2393524070329901,0.734512611756826,0.916032167914522
44,osm,spatial_cluster,residual_full,0.06990915699525338,0.22430821729797448,0.7503640647273407,0.9156173570332288
44,synthetic,independent,residual_no_fiedler,0.07528975597958351,0.20198725383426777,0.5700830255112003,0.8645838100045106
44,synthetic,spatial_cluster,residual_no_fiedler,0.063495061798605,0.1689138532618756,0.7981530624354096,0.7769288027702471
44,osm,independent,residual_no_fiedler,0.08565537736117158,0.24343223442527587,0.7253848660643045,0.9118065295061044
44,osm,spatial_cluster,residual_no_fiedler,0.0983834660615256,0.2461718710425255,0.6993275835147632,0.8615438468963036
44,synthetic,independent,residual_no_coordinates,0.07619139116181692,0.19661070655735735,0.59266569115793,0.869134777591782
44,synthetic,spatial_cluster,residual_no_coordinates,0.06216767093920514,0.16198368953893613,0.8143759688660376,0.7881121814490556
44,osm,independent,residual_no_coordinates,0.08624001377184529,0.2457758947452045,0.7200716603782852,0.9140745283532483
44,osm,spatial_cluster,residual_no_coordinates,0.07199297833963282,0.23200589554075163,0.7329363521161012,0.9275914831451639
44,synthetic,independent,deepsets,0.08468238296767179,0.23662610399366024,0.40998647137807587,0.3388557929528366
44,synthetic,spatial_cluster,deepsets,0.08881525308922157,0.20867919911639607,0.6919296167120934,0.6882666119659554
44,osm,independent,deepsets,0.09973524983294503,0.2577764555064933,0.6920680217920847,0.763881991029655
44,osm,spatial_cluster,deepsets,0.1379613100111323,0.2770506943740846,0.6191664326779692,0.7887013803295189
44,synthetic,independent,summary_mlp,0.08886333142914365,0.21388231735777755,0.5179562844764697,0.6615822141650702
44,synthetic,spatial_cluster,summary_mlp,0.11767096494711508,0.22044994348780658,0.656195457886152,0.6630932595887631
44,osm,independent,summary_mlp,0.20417934039604865,0.32593161345203847,0.5077097102404349,0.8198346575042506
44,osm,spatial_cluster,summary_mlp,0.22553996868011,0.3288787030821651,0.46335357910764163,0.8065983369136766
44,synthetic,independent,spectral,0.11545918160414734,0.3096554244100829,-0.010401652486507151,0.9196382633746976
44,synthetic,spatial_cluster,spectral,0.15121785278749025,0.357505282933957,0.09581654895357106,0.9278974285645556
44,osm,independent,spectral,0.5219372318436084,0.6936055397157012,-1.2294277510894305,0.34057133427036923
44,osm,spatial_cluster,spectral,0.6431713729628803,0.7800613789408969,-2.019077681782539,0.35031644796134986
55,synthetic,independent,direct_full,0.03598167125352371,0.058032252087726666,0.8984220432080012,0.7180705236930593
55,synthetic,spatial_cluster,direct_full,0.08203453459131917,0.19476627066747484,0.7294918107434633,0.5410348433730781
55,osm,independent,direct_full,0.11062638427925764,0.2785416121044523,0.6397002724979493,0.8738786942408947
55,osm,spatial_cluster,direct_full,0.19395697478968932,0.39705519225091584,0.194943621529576,0.8193752204038252
55,synthetic,independent,direct_no_fiedler,0.04226317579620078,0.05978976149873026,0.8921762913888077,0.7201818217422764
55,synthetic,spatial_cluster,direct_no_fiedler,0.09062174790321609,0.18956262859586626,0.7437532507235787,0.5413538167842595
55,osm,independent,direct_no_fiedler,0.10554319154275928,0.2704940750899837,0.6602188534168664,0.8753853725408682
55,osm,spatial_cluster,direct_no_fiedler,0.10721431282334044,0.2825431468590471,0.5923437625369219,0.8358502955541942
55,synthetic,independent,direct_no_coordinates,0.03502038318394982,0.05375908564442615,0.912830537064934,0.7201818217422764
55,synthetic,spatial_cluster,direct_no_coordinates,0.09416285177009871,0.2108475167729088,0.6829776352141221,0.5349153662260582
55,osm,independent,direct_no_coordinates,0.10847539295034699,0.27591626409534326,0.6464601558461417,0.8753902319204327
55,osm,spatial_cluster,direct_no_coordinates,0.1610486477883685,0.3563025671628767,0.35172027540087236,0.827059134058384
55,synthetic,independent,residual_full,0.032705905113698516,0.10131253567192187,0.6904099505639212,0.908420461409266
55,synthetic,spatial_cluster,residual_full,0.05835918626434468,0.1508210469112892,0.8377902995493126,0.6786262051729104
55,osm,independent,residual_full,0.10190031556025986,0.2658826687386844,0.6717053370184805,0.9066971246189021
55,osm,spatial_cluster,residual_full,0.15850369266570907,0.3527095917169882,0.3647289325664169,0.8472388271399987
55,synthetic,independent,residual_no_fiedler,0.04544134018250423,0.1156136265661486,0.5968388530957353,0.9075625883945212
55,synthetic,spatial_cluster,residual_no_fiedler,0.07229668148877601,0.14899420109586148,0.8416960863308889,0.6719614136114186
55,osm,independent,residual_no_fiedler,0.09670340546907451,0.26001652662546737,0.6860317956595801,0.8914277542313019
55,osm,spatial_cluster,residual_no_fiedler,0.07021041603200054,0.21120526038422588,0.7722103446287989,0.8307050487651554
55,synthetic,independent,residual_no_coordinates,0.03073918855781146,0.042758816329137514,0.9448542596032394,0.9061669418125183
55,synthetic,spatial_cluster,residual_no_coordinates,0.06774567961022558,0.16388595611306503,0.8084701809203837,0.6727900329693757
55,osm,independent,residual_no_coordinates,0.09766490980707015,0.2614896060687878,0.6824642515379051,0.9089503300040361
55,osm,spatial_cluster,residual_no_coordinates,0.10387663781734206,0.2648452540982901,0.6418137369567053,0.8711047113406277
55,synthetic,independent,deepsets,0.05656650112686194,0.11109774133115859,0.6277188193484504,0.02530775241287793
55,synthetic,spatial_cluster,deepsets,0.12825670573469805,0.2208209337951626,0.6522770108899546,0.5253030815425643
55,osm,independent,deepsets,0.12349292647437263,0.26136494952930367,0.6827669287512624,0.7783263870912971
55,osm,spatial_cluster,deepsets,0.1263711945925671,0.2209382792627382,0.7507320336233207,0.7789614010067886
55,synthetic,independent,summary_mlp,0.0487295366272053,0.13198549625448022,0.4745722055656012,0.6222276240194765
55,synthetic,spatial_cluster,summary_mlp,0.13903160606196138,0.25637731873050335,0.5312814703669435,0.5287427672078885
55,osm,independent,summary_mlp,0.3295338307222788,0.5053878985413452,-0.18613314306463447,0.8014276271481068
55,osm,spatial_cluster,summary_mlp,0.43744705269471446,0.5880647203056698,-0.7659352972299096,0.7158061104161427
55,synthetic,independent,spectral,0.04556798518802123,0.1722497687313007,0.10509297297044273,0.9718274157207524
55,synthetic,spatial_cluster,spectral,0.170687293425599,0.3825708502694925,-0.043702376806672216,0.8351541445220725
55,osm,independent,spectral,0.4867504124043811,0.6652346422056037,-1.0551024558004034,0.43447494967333733
55,osm,spatial_cluster,spectral,0.6568962930357082,0.7876354270120294,-2.167925939972879,0.3331841086552309
